--
-- PostgreSQL database dump
--

\restrict 0JfTl56Ax2ysGhCF3bNNzyr7E3hhAdaexaGkmj1UvV0SQEah295OtgYtIp368LF

-- Dumped from database version 17.5 (aa1f746)
-- Dumped by pg_dump version 18.1

SET statement_timeout = 0;
SET lock_timeout = 0;
SET idle_in_transaction_session_timeout = 0;
SET transaction_timeout = 0;
SET client_encoding = 'UTF8';
SET standard_conforming_strings = on;
SELECT pg_catalog.set_config('search_path', '', false);
SET check_function_bodies = false;
SET xmloption = content;
SET client_min_messages = warning;
SET row_security = off;

--
-- Name: public; Type: SCHEMA; Schema: -; Owner: neondb_owner
--

-- *not* creating schema, since initdb creates it


ALTER SCHEMA public OWNER TO neondb_owner;

--
-- Name: SCHEMA public; Type: COMMENT; Schema: -; Owner: neondb_owner
--

COMMENT ON SCHEMA public IS '';


SET default_tablespace = '';

SET default_table_access_method = heap;

--
-- Name: AdminUser; Type: TABLE; Schema: public; Owner: neondb_owner
--

CREATE TABLE public."AdminUser" (
    id text NOT NULL,
    email text NOT NULL,
    "passwordHash" text NOT NULL,
    "createdAt" timestamp(3) without time zone DEFAULT CURRENT_TIMESTAMP NOT NULL
);


ALTER TABLE public."AdminUser" OWNER TO neondb_owner;

--
-- Name: Appointment; Type: TABLE; Schema: public; Owner: neondb_owner
--

CREATE TABLE public."Appointment" (
    id text NOT NULL,
    "patientId" text NOT NULL,
    "providerId" text NOT NULL,
    "slotId" text,
    status text DEFAULT 'PENDING'::text NOT NULL,
    "videoRoom" text,
    "recordingKey" text,
    "paymentId" text,
    "deliveryOpt" text,
    "createdAt" timestamp(3) without time zone DEFAULT CURRENT_TIMESTAMP NOT NULL,
    "updatedAt" timestamp(3) without time zone NOT NULL,
    "waError" text,
    "waStatus" text,
    "consentAt" timestamp(3) without time zone,
    "consentMode" text,
    "consentText" text,
    "consentType" text,
    "deliveryAddressId" text,
    "deliveryAddressSnapshot" jsonb,
    "uploadLinkSentAt" timestamp(3) without time zone
);


ALTER TABLE public."Appointment" OWNER TO neondb_owner;

--
-- Name: AppointmentStatusHistory; Type: TABLE; Schema: public; Owner: neondb_owner
--

CREATE TABLE public."AppointmentStatusHistory" (
    id text NOT NULL,
    "appointmentId" text NOT NULL,
    "fromStatus" text NOT NULL,
    "toStatus" text NOT NULL,
    "actorType" text NOT NULL,
    "actorId" text,
    reason text,
    "createdAt" timestamp(3) without time zone DEFAULT CURRENT_TIMESTAMP NOT NULL
);


ALTER TABLE public."AppointmentStatusHistory" OWNER TO neondb_owner;

--
-- Name: AuditLog; Type: TABLE; Schema: public; Owner: neondb_owner
--

CREATE TABLE public."AuditLog" (
    id text NOT NULL,
    "actorId" text,
    "actorType" text NOT NULL,
    action text NOT NULL,
    meta jsonb NOT NULL,
    at timestamp(3) without time zone DEFAULT CURRENT_TIMESTAMP NOT NULL
);


ALTER TABLE public."AuditLog" OWNER TO neondb_owner;

--
-- Name: OutboundMessage; Type: TABLE; Schema: public; Owner: neondb_owner
--

CREATE TABLE public."OutboundMessage" (
    id text NOT NULL,
    "appointmentId" text NOT NULL,
    channel text NOT NULL,
    "toPhone" text,
    "toEmail" text,
    template text,
    body text,
    status text NOT NULL,
    error text,
    "createdAt" timestamp(3) without time zone DEFAULT CURRENT_TIMESTAMP NOT NULL,
    kind text
);


ALTER TABLE public."OutboundMessage" OWNER TO neondb_owner;

--
-- Name: Patient; Type: TABLE; Schema: public; Owner: neondb_owner
--

CREATE TABLE public."Patient" (
    id text NOT NULL,
    name text NOT NULL,
    phone text NOT NULL,
    email text,
    dob timestamp(3) without time zone,
    "consentAt" timestamp(3) without time zone,
    "createdAt" timestamp(3) without time zone DEFAULT CURRENT_TIMESTAMP NOT NULL,
    "profilePhotoKey" text
);


ALTER TABLE public."Patient" OWNER TO neondb_owner;

--
-- Name: PatientAddress; Type: TABLE; Schema: public; Owner: neondb_owner
--

CREATE TABLE public."PatientAddress" (
    id text NOT NULL,
    "patientId" text NOT NULL,
    label text,
    "contactName" text,
    "contactPhone" text,
    line1 text NOT NULL,
    line2 text,
    city text NOT NULL,
    state text NOT NULL,
    "postalCode" text NOT NULL,
    instructions text,
    "savedAt" timestamp(3) without time zone DEFAULT CURRENT_TIMESTAMP NOT NULL,
    "updatedAt" timestamp(3) without time zone NOT NULL,
    "lastUsedAt" timestamp(3) without time zone
);


ALTER TABLE public."PatientAddress" OWNER TO neondb_owner;

--
-- Name: PatientDocument; Type: TABLE; Schema: public; Owner: neondb_owner
--

CREATE TABLE public."PatientDocument" (
    id text NOT NULL,
    "appointmentId" text NOT NULL,
    "patientId" text NOT NULL,
    key text NOT NULL,
    "fileName" text NOT NULL,
    "contentType" text,
    "createdAt" timestamp(3) without time zone DEFAULT CURRENT_TIMESTAMP NOT NULL
);


ALTER TABLE public."PatientDocument" OWNER TO neondb_owner;

--
-- Name: PatientLoginOtp; Type: TABLE; Schema: public; Owner: neondb_owner
--

CREATE TABLE public."PatientLoginOtp" (
    "phoneKey" text NOT NULL,
    "patientId" text NOT NULL,
    "codeHash" text NOT NULL,
    "expiresAt" timestamp(3) without time zone NOT NULL,
    attempts integer DEFAULT 0 NOT NULL,
    "lastSentAt" timestamp(3) without time zone DEFAULT CURRENT_TIMESTAMP NOT NULL,
    "sendCount" integer DEFAULT 0 NOT NULL,
    "createdAt" timestamp(3) without time zone DEFAULT CURRENT_TIMESTAMP NOT NULL,
    "updatedAt" timestamp(3) without time zone NOT NULL
);


ALTER TABLE public."PatientLoginOtp" OWNER TO neondb_owner;

--
-- Name: PatientOtp; Type: TABLE; Schema: public; Owner: neondb_owner
--

CREATE TABLE public."PatientOtp" (
    id text NOT NULL,
    "patientId" text,
    "phoneRaw" text NOT NULL,
    "phoneCanonical" text NOT NULL,
    last10 text NOT NULL,
    "otpHash" text NOT NULL,
    "expiresAt" timestamp(3) without time zone NOT NULL,
    attempts integer DEFAULT 0 NOT NULL,
    "lastSentAt" timestamp(3) without time zone DEFAULT CURRENT_TIMESTAMP NOT NULL,
    "createdAt" timestamp(3) without time zone DEFAULT CURRENT_TIMESTAMP NOT NULL,
    "usedAt" timestamp(3) without time zone
);


ALTER TABLE public."PatientOtp" OWNER TO neondb_owner;

--
-- Name: Payment; Type: TABLE; Schema: public; Owner: neondb_owner
--

CREATE TABLE public."Payment" (
    id text NOT NULL,
    gateway text NOT NULL,
    "orderId" text NOT NULL,
    "paymentRef" text,
    amount integer NOT NULL,
    currency text DEFAULT 'INR'::text NOT NULL,
    status text NOT NULL,
    "appointmentId" text,
    "createdAt" timestamp(3) without time zone DEFAULT CURRENT_TIMESTAMP NOT NULL,
    "updatedAt" timestamp(3) without time zone DEFAULT CURRENT_TIMESTAMP NOT NULL,
    "receiptUrl" text
);


ALTER TABLE public."Payment" OWNER TO neondb_owner;

--
-- Name: PaymentReceipt; Type: TABLE; Schema: public; Owner: neondb_owner
--

CREATE TABLE public."PaymentReceipt" (
    "appointmentId" text NOT NULL,
    key text NOT NULL,
    "createdAt" timestamp(3) without time zone DEFAULT CURRENT_TIMESTAMP NOT NULL
);


ALTER TABLE public."PaymentReceipt" OWNER TO neondb_owner;

--
-- Name: Prescription; Type: TABLE; Schema: public; Owner: neondb_owner
--

CREATE TABLE public."Prescription" (
    id text NOT NULL,
    "appointmentId" text NOT NULL,
    "pdfKey" text NOT NULL,
    meds jsonb NOT NULL,
    "createdAt" timestamp(3) without time zone DEFAULT CURRENT_TIMESTAMP NOT NULL
);


ALTER TABLE public."Prescription" OWNER TO neondb_owner;

--
-- Name: Provider; Type: TABLE; Schema: public; Owner: neondb_owner
--

CREATE TABLE public."Provider" (
    id text NOT NULL,
    name text NOT NULL,
    speciality text NOT NULL,
    languages text[],
    "licenseNo" text NOT NULL,
    is24x7 boolean DEFAULT false NOT NULL,
    slug character varying(120) NOT NULL,
    "councilName" text,
    qualification text,
    "registrationNumber" text,
    "isActive" boolean DEFAULT true NOT NULL,
    "licenseDocKey" text,
    "profilePhotoKey" text,
    "registrationDocKey" text,
    phone text
);


ALTER TABLE public."Provider" OWNER TO neondb_owner;

--
-- Name: ProviderUser; Type: TABLE; Schema: public; Owner: neondb_owner
--

CREATE TABLE public."ProviderUser" (
    id text NOT NULL,
    "providerId" text NOT NULL,
    email text NOT NULL,
    "passwordHash" text NOT NULL,
    role text DEFAULT 'admin'::text NOT NULL,
    "createdAt" timestamp(3) without time zone DEFAULT CURRENT_TIMESTAMP NOT NULL
);


ALTER TABLE public."ProviderUser" OWNER TO neondb_owner;

--
-- Name: Slot; Type: TABLE; Schema: public; Owner: neondb_owner
--

CREATE TABLE public."Slot" (
    id text NOT NULL,
    "providerId" text NOT NULL,
    "startsAt" timestamp(3) without time zone NOT NULL,
    "endsAt" timestamp(3) without time zone NOT NULL,
    "isBooked" boolean DEFAULT false NOT NULL
);


ALTER TABLE public."Slot" OWNER TO neondb_owner;

--
-- Name: VisitNote; Type: TABLE; Schema: public; Owner: neondb_owner
--

CREATE TABLE public."VisitNote" (
    id text NOT NULL,
    "appointmentId" text NOT NULL,
    text text NOT NULL,
    "createdAt" timestamp(3) without time zone DEFAULT CURRENT_TIMESTAMP NOT NULL,
    "updatedAt" timestamp(3) without time zone NOT NULL
);


ALTER TABLE public."VisitNote" OWNER TO neondb_owner;

--
-- Name: WebhookEvent; Type: TABLE; Schema: public; Owner: neondb_owner
--

CREATE TABLE public."WebhookEvent" (
    id text NOT NULL,
    source text NOT NULL,
    "eventId" text NOT NULL,
    type text NOT NULL,
    "orderId" text,
    payload jsonb NOT NULL,
    "createdAt" timestamp(3) without time zone DEFAULT CURRENT_TIMESTAMP NOT NULL
);


ALTER TABLE public."WebhookEvent" OWNER TO neondb_owner;

--
-- Name: _prisma_migrations; Type: TABLE; Schema: public; Owner: neondb_owner
--

CREATE TABLE public._prisma_migrations (
    id character varying(36) NOT NULL,
    checksum character varying(64) NOT NULL,
    finished_at timestamp with time zone,
    migration_name character varying(255) NOT NULL,
    logs text,
    rolled_back_at timestamp with time zone,
    started_at timestamp with time zone DEFAULT now() NOT NULL,
    applied_steps_count integer DEFAULT 0 NOT NULL
);


ALTER TABLE public._prisma_migrations OWNER TO neondb_owner;

--
-- Data for Name: AdminUser; Type: TABLE DATA; Schema: public; Owner: neondb_owner
--

COPY public."AdminUser" (id, email, "passwordHash", "createdAt") FROM stdin;
admin_srilatha	srilatha.chilagani@telemed.local	$2b$10$Oly/ruCPTzSF8O7lY81.TueDLsmgLxURVSRvEJl1PwUJ1kj9E49KG	2025-11-20 02:38:22.074
\.


--
-- Data for Name: Appointment; Type: TABLE DATA; Schema: public; Owner: neondb_owner
--

COPY public."Appointment" (id, "patientId", "providerId", "slotId", status, "videoRoom", "recordingKey", "paymentId", "deliveryOpt", "createdAt", "updatedAt", "waError", "waStatus", "consentAt", "consentMode", "consentText", "consentType", "deliveryAddressId", "deliveryAddressSnapshot", "uploadLinkSentAt") FROM stdin;
cmi6i2tom0009vppcp2ie7c5r	cmi6i0v0z0000vppc2tjf7ryz	cmi61mf2w003kvpyh8jexw5fs	cmi61mfk2003lvpyh8heawr0k	CONFIRMED	http://localhost:3000/room/cmi6i2tom0009vppcp2ie7c5r	\N	\N	\N	2025-11-19 21:14:14.086	2025-11-19 21:15:20.406	\N	\N	2025-11-19 21:14:14.085	APP_SCREEN	I understand that this is a teleconsultation, not for emergencies, and I consent to receive medical advice over video/online as per applicable telemedicine guidelines.	IMPLIED	\N	\N	\N
cmhtoa3ww0002vpjs8b9symil	cmhtkx72l0000vpdkvzg7os8v	cmhsn6ytp0000vpu1yzlk4hq1	cmhsnbak80004vp7g2hbtf1vf	CONFIRMED	https://telemedclinic.daily.co/cmhtoa3ww0002vpjs8b9symil	\N	\N	\N	2025-11-10 21:46:51.345	2025-11-11 20:55:58.882	\N	SENT:appointment_confirm	\N	\N	\N	\N	\N	\N	\N
cmhtp4pni0002vp2ycw3tz5og	cmhtkx72l0000vpdkvzg7os8v	cmhsn70fj000pvpu10pqgvfy0	cmhsnbak8000gvp7g7n255mmp	CONFIRMED	http://localhost:3000/room/cmhtp4pni0002vp2ycw3tz5og	\N	\N	\N	2025-11-10 22:10:39.198	2025-11-11 19:13:21.712	\N	SENT:appointment_confirm	\N	\N	\N	\N	\N	\N	\N
cmhtpk9jy0005vpge7x6ewkuv	cmhtkx72l0000vpdkvzg7os8v	cmhsn71h9001evpu1zzq0sxei	cmhsnbak9000wvp7gk70qoh0q	CONFIRMED	https://telemedclinic.daily.co/cmhtpk9jy0005vpge7x6ewkuv	\N	\N	\N	2025-11-10 22:22:44.831	2025-11-11 19:13:27.996	\N	SENT:appointment_confirm	\N	\N	\N	\N	\N	\N	\N
cmhtwqezm000lvpi2pzb8qogz	cmhtkx72l0000vpdkvzg7os8v	cmhsn70fj000pvpu10pqgvfy0	cmhsnbak8000hvp7gbzbtnseg	CANCELLED	\N	\N	\N	\N	2025-11-11 01:43:29.123	2025-11-11 22:10:15.965	\N	\N	\N	\N	\N	\N	\N	\N	\N
cmhvi9elv0002vplaao00ixns	cmhtkx72l0000vpdkvzg7os8v	cmhsn6ytp0000vpu1yzlk4hq1	cmhsnbak80006vp7g0ow43req	CONFIRMED	https://telemedclinic.daily.co/cmhvi9elv0002vplaao00ixns	\N	\N	\N	2025-11-12 04:33:53.202	2025-11-13 02:11:47.146	\N	SENT:appointment_confirm	\N	\N	\N	\N	\N	\N	\N
cmhtp4rg90005vp2yijso3ikw	cmhtkx72l0000vpdkvzg7os8v	cmhsn70fj000pvpu10pqgvfy0	cmhsnbak8000gvp7g7n255mmp	CONFIRMED	\N	\N	\N	\N	2025-11-10 22:10:41.529	2025-11-11 22:10:57.694	\N	\N	\N	\N	\N	\N	\N	\N	\N
cmhtkxa0z0005vpdkj5392zug	cmhtkx72l0000vpdkvzg7os8v	cmhsn6ytp0000vpu1yzlk4hq1	cmhsnbak80000vp7gvxe975cr	CONFIRMED	\N	\N	\N	\N	2025-11-10 20:12:53.889	2025-11-11 23:21:24.655	\N	\N	\N	\N	\N	\N	\N	\N	\N
cmhtws977000vvpi2prjx0xlz	cmhtkx72l0000vpdkvzg7os8v	cmhsn70fj000pvpu10pqgvfy0	cmhsn70u7000qvpu1ylmjdam7	CONFIRMED	http://localhost:3000/room/cmhtws977000vvpi2prjx0xlz	\N	\N	\N	2025-11-11 01:44:54.931	2025-11-11 23:25:10.748	\N	SENT:appointment_confirm	\N	\N	\N	\N	\N	\N	\N
cmi3zx7ef0002vpng2q2yp6zf	cmhtkx72l0000vpdkvzg7os8v	cmhsn6ytp0000vpu1yzlk4hq1	cmhsn6zmk0003vpu14e5fi69o	CANCELLED	https://telemedclinic.daily.co/cmi3zx7ef0002vpng2q2yp6zf	\N	\N	\N	2025-11-18 03:10:26.486	2025-11-18 03:33:38.202	\N	SENT:appointment_confirm	2025-11-18 03:10:26.485	APP_SCREEN	I understand that this is a teleconsultation, not for emergencies, and I consent to receive medical advice over video/online as per applicable telemedicine guidelines.	IMPLIED	\N	\N	\N
cmhtwji6q0002vpi2s4ohmx0u	cmhtkx72l0000vpdkvzg7os8v	cmhsn71h9001evpu1zzq0sxei	cmhsnbak9000xvp7g2atkg8v4	CONFIRMED	http://localhost:3000/room/cmhtwji6q0002vpi2s4ohmx0u	\N	\N	\N	2025-11-11 01:38:06.673	2025-11-11 01:38:40.812	\N	SENT:appointment_confirm	\N	\N	\N	\N	\N	\N	\N
cmhtwqcs3000ivpi2unla5gfe	cmhtkx72l0000vpdkvzg7os8v	cmhsn70fj000pvpu10pqgvfy0	cmhsnbak8000hvp7gbzbtnseg	CONFIRMED	http://localhost:3000/room/cmhtwqcs3000ivpi2unla5gfe	\N	\N	\N	2025-11-11 01:43:26.259	2025-11-11 23:25:13.609	\N	SENT:appointment_confirm	\N	\N	\N	\N	\N	\N	\N
cmhtxn1ad0002vpczwhyj6mpo	cmhtkx72l0000vpdkvzg7os8v	cmhsn6ytp0000vpu1yzlk4hq1	cmhsn6zmj0001vpu14xu73x4n	CONFIRMED	https://telemedclinic.daily.co/cmhtxn1ad0002vpczwhyj6mpo	\N	\N	\N	2025-11-11 02:08:51.012	2025-11-11 23:25:40.83	\N	SENT:appointment_confirm	\N	\N	\N	\N	\N	\N	\N
cmhu2l8nc0002vpw3cxybr3qf	cmhtkx72l0000vpdkvzg7os8v	cmhsn6ytp0000vpu1yzlk4hq1	cmhsn6zmk0002vpu1wr8u0oph	CONFIRMED	http://localhost:3000/room/cmhu2l8nc0002vpw3cxybr3qf	\N	\N	\N	2025-11-11 04:27:25.319	2025-11-11 23:29:06.25	\N	SENT:appointment_confirm	\N	\N	\N	\N	\N	\N	\N
cmhuytilu0002vp2zi1ogbgs5	cmhtkx72l0000vpdkvzg7os8v	cmhsn70fj000pvpu10pqgvfy0	cmhsnbak8000ivp7g49gmv84o	CANCELLED	https://telemedclinic.daily.co/cmhuytilu0002vp2zi1ogbgs5	\N	\N	\N	2025-11-11 19:29:39.185	2025-11-12 04:00:23.485	\N	SENT:appointment_confirm	\N	\N	\N	\N	\N	\N	\N
cmi6i0wm40002vppcwlbybjqj	cmi6i0v0z0000vppc2tjf7ryz	cmhsn6ytp0000vpu1yzlk4hq1	cmhsnbak80008vp7gnc7hnda4	CONFIRMED	\N	\N	\N	\N	2025-11-19 21:12:44.571	2025-11-19 22:20:02.355	\N	\N	2025-11-19 21:12:44.57	APP_SCREEN	I understand that this is a teleconsultation, not for emergencies, and I consent to receive medical advice over video/online as per applicable telemedicine guidelines.	IMPLIED	\N	\N	\N
cmi6girol0002vp89jah9xb5x	cmhtkx72l0000vpdkvzg7os8v	cmhsn6ytp0000vpu1yzlk4hq1	cmhsn6zmk0003vpu14e5fi69o	CONFIRMED	http://localhost:3000/room/cmi6girol0002vp89jah9xb5x	\N	\N	\N	2025-11-19 20:30:38.757	2025-11-19 20:31:38.029	\N	\N	2025-11-19 20:30:38.755	APP_SCREEN	I understand that this is a teleconsultation, not for emergencies, and I consent to receive medical advice over video/online as per applicable telemedicine guidelines.	IMPLIED	\N	\N	\N
cmhxm0tm60005vp8beypbqp6e	cmhtkx72l0000vpdkvzg7os8v	cmhsn6ytp0000vpu1yzlk4hq1	cmhsnbak80006vp7g0ow43req	CONFIRMED	http://localhost:3000/room/cmhxm0tm60005vp8beypbqp6e	\N	\N	\N	2025-11-13 15:54:43.566	2025-11-14 16:25:01.766	\N	SENT:appointment_confirm	\N	\N	\N	\N	\N	\N	\N
cmhtkx7t40002vpdkc15x3q0l	cmhtkx72l0000vpdkvzg7os8v	cmhsn6ytp0000vpu1yzlk4hq1	\N	PENDING	http://localhost:3000/room/cmhtkx7t40002vpdkc15x3q0l	\N	\N	\N	2025-11-10 20:12:51.016	2025-11-21 16:55:49.573	\N	\N	\N	\N	\N	\N	\N	\N	\N
cmhtkysas000evpdkfhpa0top	cmhtkx72l0000vpdkvzg7os8v	cmhsn6ytp0000vpu1yzlk4hq1	\N	PENDING	\N	\N	\N	\N	2025-11-10 20:14:04.228	2025-11-21 16:55:49.573	\N	\N	\N	\N	\N	\N	\N	\N	\N
cmhtkysn3000gvpdk00zmcenn	cmhtkx72l0000vpdkvzg7os8v	cmhsn6ytp0000vpu1yzlk4hq1	\N	PENDING	http://localhost:3000/room/cmhtkysn3000gvpdk00zmcenn	\N	\N	\N	2025-11-10 20:14:04.671	2025-11-21 16:55:49.573	\N	\N	\N	\N	\N	\N	\N	\N	\N
cmhtm4drw0003vpc0kdygnx9z	cmhtkx72l0000vpdkvzg7os8v	cmhsn6ytp0000vpu1yzlk4hq1	\N	PENDING	\N	\N	\N	\N	2025-11-10 20:46:24.956	2025-11-21 16:55:49.573	\N	\N	\N	\N	\N	\N	\N	\N	\N
cmhtm4e7j0005vpc0q03t73ts	cmhtkx72l0000vpdkvzg7os8v	cmhsn6ytp0000vpu1yzlk4hq1	\N	PENDING	\N	\N	\N	\N	2025-11-10 20:46:25.52	2025-11-21 16:55:49.573	\N	\N	\N	\N	\N	\N	\N	\N	\N
cmhtoa5xq0005vpjsxvidwkns	cmhtkx72l0000vpdkvzg7os8v	cmhsn6ytp0000vpu1yzlk4hq1	\N	PENDING	\N	\N	\N	\N	2025-11-10 21:46:53.966	2025-11-21 16:55:49.573	\N	\N	\N	\N	\N	\N	\N	\N	\N
cmi5i2ovw0002vp4cd3yq79ro	cmhtkx72l0000vpdkvzg7os8v	cmhsn6ytp0000vpu1yzlk4hq1	cmhsn6zmk0003vpu14e5fi69o	CONFIRMED	https://telemedclinic.daily.co/cmi5i2ovw0002vp4cd3yq79ro	\N	\N	\N	2025-11-19 04:26:21.692	2025-11-19 21:16:14.411	\N	SENT:appointment_confirm	2025-11-19 04:26:21.69	APP_SCREEN	I understand that this is a teleconsultation, not for emergencies, and I consent to receive medical advice over video/online as per applicable telemedicine guidelines.	IMPLIED	\N	\N	\N
cmi84698l004nvpmem2rp6qzl	cmhtkx72l0000vpdkvzg7os8v	cmi7wj9q30000vphqmtek6jfw	cmi8421an001vvpmewvstetj7	CONFIRMED	http://localhost:3000/room/cmi84698l004nvpmem2rp6qzl	\N	\N	DELIVERY	2025-11-21 00:20:31.941	2025-11-21 00:21:25.596	\N	\N	2025-11-21 00:20:31.94	APP_SCREEN	I understand that this is a teleconsultation, not for emergencies, and I consent to receive medical advice over video/online as per applicable telemedicine guidelines.	IMPLIED	cmi8468q6004lvpmepjqvecds	{"city": "Naspur", "label": "Home", "line1": "1-3/4 FCI colony", "state": "Mancherial", "postalCode": "504302", "contactName": "sc", "contactPhone": "+919966998831"}	\N
cmi6otai80002vpv16gqc493v	cmhtkx72l0000vpdkvzg7os8v	cmi61m9w90003vpyh35575zjc	cmi61maay0005vpyhg9mdpuzx	CONFIRMED	http://localhost:3000/room/cmi6otai80002vpv16gqc493v	\N	\N	\N	2025-11-20 00:22:46.64	2025-11-20 00:23:50.499	\N	\N	2025-11-20 00:22:46.638	APP_SCREEN	I understand that this is a teleconsultation, not for emergencies, and I consent to receive medical advice over video/online as per applicable telemedicine guidelines.	IMPLIED	\N	\N	\N
cmi6ozqjs0002vpdq14jgudfq	cmhtkx72l0000vpdkvzg7os8v	cmi61mf2w003kvpyh8jexw5fs	cmi61mfk2003mvpyhfqtfmj8h	CONFIRMED	http://localhost:3000/room/cmi6ozqjs0002vpdq14jgudfq	\N	\N	\N	2025-11-20 00:27:47.368	2025-11-20 00:28:47.661	\N	\N	2025-11-20 00:27:47.366	APP_SCREEN	I understand that this is a teleconsultation, not for emergencies, and I consent to receive medical advice over video/online as per applicable telemedicine guidelines.	IMPLIED	\N	\N	\N
cmi7p8s1p0002vpawxv0eds4w	cmhtkx72l0000vpdkvzg7os8v	cmi61mc3o001hvpyh6jaecday	cmi61mchd001ivpyhiwjgctgq	CONFIRMED	http://localhost:3000/room/cmi7p8s1p0002vpawxv0eds4w	\N	\N	\N	2025-11-20 17:22:35.389	2025-11-20 17:23:41.276	\N	\N	2025-11-20 17:22:35.387	APP_SCREEN	I understand that this is a teleconsultation, not for emergencies, and I consent to receive medical advice over video/online as per applicable telemedicine guidelines.	IMPLIED	\N	\N	\N
cmi6p5e1a0008vpdq7m9ppetr	cmhtkx72l0000vpdkvzg7os8v	cmi61mf2w003kvpyh8jexw5fs	cmi61mfk2003ovpyhmunkbfu1	CONFIRMED	http://localhost:3000/room/cmi6p5e1a0008vpdq7m9ppetr	\N	\N	\N	2025-11-20 00:32:11.087	2025-11-20 00:33:32.611	\N	\N	2025-11-20 00:32:11.085	APP_SCREEN	I understand that this is a teleconsultation, not for emergencies, and I consent to receive medical advice over video/online as per applicable telemedicine guidelines.	IMPLIED	\N	\N	\N
cmhtpk8ca0002vpgen7bo4aim	cmhtkx72l0000vpdkvzg7os8v	cmhsn71h9001evpu1zzq0sxei	\N	PENDING	\N	\N	\N	\N	2025-11-10 22:22:43.257	2025-11-21 16:55:49.573	\N	\N	\N	\N	\N	\N	\N	\N	\N
cmhxm0rr70002vp8bs0b6p01n	cmhtkx72l0000vpdkvzg7os8v	cmhsn6ytp0000vpu1yzlk4hq1	\N	PENDING	\N	\N	\N	\N	2025-11-13 15:54:41.155	2025-11-21 16:55:49.573	\N	\N	\N	\N	\N	\N	\N	\N	\N
cmhtwjjs80005vpi2n1e8xpn9	cmhtkx72l0000vpdkvzg7os8v	cmhsn71h9001evpu1zzq0sxei	\N	PENDING	\N	\N	\N	\N	2025-11-11 01:38:08.744	2025-11-21 16:55:49.573	\N	\N	\N	\N	\N	\N	\N	\N	\N
cmhtwjkmd0008vpi21x1k36hv	cmhtkx72l0000vpdkvzg7os8v	cmhsn71h9001evpu1zzq0sxei	\N	PENDING	\N	\N	\N	\N	2025-11-11 01:38:09.83	2025-11-21 16:55:49.573	\N	\N	\N	\N	\N	\N	\N	\N	\N
cmi937xo70002vps8j6ho5nnd	cmhtkx72l0000vpdkvzg7os8v	cmi7wj9q30000vphqmtek6jfw	\N	PENDING	\N	\N	\N	PHONE	2025-11-21 16:41:36.823	2025-11-21 16:55:49.573	\N	\N	2025-11-21 16:41:36.822	APP_SCREEN	I understand that this is a teleconsultation, not for emergencies, and I consent to receive medical advice over video/online as per applicable telemedicine guidelines.	IMPLIED	\N	null	\N
cmi6i5udk000qvppcb9odr2cj	cmhtkx72l0000vpdkvzg7os8v	cmi61mf2w003kvpyh8jexw5fs	\N	PENDING	\N	\N	\N	\N	2025-11-19 21:16:34.953	2025-11-21 16:55:49.573	\N	\N	2025-11-19 21:16:34.951	APP_SCREEN	I understand that this is a teleconsultation, not for emergencies, and I consent to receive medical advice over video/online as per applicable telemedicine guidelines.	IMPLIED	\N	\N	\N
cmi6joyzt0002vpbe5tz8byz1	cmhtkx72l0000vpdkvzg7os8v	cmi61mb3x000svpyhh85qzlsn	\N	PENDING	\N	\N	\N	\N	2025-11-19 21:59:27.015	2025-11-21 16:55:49.573	\N	\N	2025-11-19 21:59:27.013	APP_SCREEN	I understand that this is a teleconsultation, not for emergencies, and I consent to receive medical advice over video/online as per applicable telemedicine guidelines.	IMPLIED	\N	\N	\N
cmi6jqjnd0007vpbeq3d2nojs	cmi6jqim60005vpbe1a6gkjbx	cmi61mb3x000svpyhh85qzlsn	\N	PENDING	\N	\N	\N	\N	2025-11-19 22:00:40.441	2025-11-21 16:55:49.573	\N	\N	2025-11-19 22:00:40.44	APP_SCREEN	I understand that this is a teleconsultation, not for emergencies, and I consent to receive medical advice over video/online as per applicable telemedicine guidelines.	IMPLIED	\N	\N	\N
cmi6jzy490002vpum0lwsofdv	cmi6jqim60005vpbe1a6gkjbx	cmi61m9w90003vpyh35575zjc	\N	PENDING	\N	\N	\N	\N	2025-11-19 22:07:59.095	2025-11-21 16:55:49.573	\N	\N	2025-11-19 22:07:59.094	APP_SCREEN	I understand that this is a teleconsultation, not for emergencies, and I consent to receive medical advice over video/online as per applicable telemedicine guidelines.	IMPLIED	\N	\N	\N
cmi6k0msk0006vpum2qy0uij4	cmhtkx72l0000vpdkvzg7os8v	cmi61m9w90003vpyh35575zjc	\N	PENDING	\N	\N	\N	\N	2025-11-19 22:08:31.076	2025-11-21 16:55:49.573	\N	\N	2025-11-19 22:08:31.075	APP_SCREEN	I understand that this is a teleconsultation, not for emergencies, and I consent to receive medical advice over video/online as per applicable telemedicine guidelines.	IMPLIED	\N	\N	\N
cmi6k729z0009vpum5nyxb1gg	cmhtkx72l0000vpdkvzg7os8v	cmi61m9w90003vpyh35575zjc	\N	PENDING	\N	\N	\N	\N	2025-11-19 22:13:31.079	2025-11-21 16:55:49.573	\N	\N	2025-11-19 22:13:31.078	APP_SCREEN	I understand that this is a teleconsultation, not for emergencies, and I consent to receive medical advice over video/online as per applicable telemedicine guidelines.	IMPLIED	\N	\N	\N
cmi8d7qpz0002vpy5f3tidiw2	cmhtkx72l0000vpdkvzg7os8v	cmi7wj9q30000vphqmtek6jfw	\N	PENDING	\N	\N	\N	PHONE	2025-11-21 04:33:37.799	2025-11-21 16:55:49.573	\N	\N	2025-11-21 04:33:37.798	APP_SCREEN	I understand that this is a teleconsultation, not for emergencies, and I consent to receive medical advice over video/online as per applicable telemedicine guidelines.	IMPLIED	\N	null	\N
cmi7w4f2h0002vpc6mzoub04p	cmhtkx72l0000vpdkvzg7os8v	cmhsn6ytp0000vpu1yzlk4hq1	\N	PENDING	\N	\N	\N	PHONE	2025-11-20 20:35:09.258	2025-11-21 16:55:49.573	\N	\N	2025-11-20 20:35:09.256	APP_SCREEN	I understand that this is a teleconsultation, not for emergencies, and I consent to receive medical advice over video/online as per applicable telemedicine guidelines.	IMPLIED	\N	null	\N
cmi844p4x004ivpme4p0bcxux	cmhtkx72l0000vpdkvzg7os8v	cmi7wj9q30000vphqmtek6jfw	\N	PENDING	\N	\N	\N	PHONE	2025-11-21 00:19:19.233	2025-11-21 16:55:49.573	\N	\N	2025-11-21 00:19:19.231	APP_SCREEN	I understand that this is a teleconsultation, not for emergencies, and I consent to receive medical advice over video/online as per applicable telemedicine guidelines.	IMPLIED	\N	null	\N
cmi93mdc20005vps858rxo8k3	cmhtkx72l0000vpdkvzg7os8v	cmi7wj9q30000vphqmtek6jfw	\N	PENDING	\N	\N	\N	PHONE	2025-11-21 16:52:50.306	2025-11-21 16:55:49.573	\N	\N	2025-11-21 16:52:50.302	APP_SCREEN	I understand that this is a teleconsultation, not for emergencies, and I consent to receive medical advice over video/online as per applicable telemedicine guidelines.	IMPLIED	\N	null	\N
cmi93n2r30009vps8qjxqppse	cmhtkx72l0000vpdkvzg7os8v	cmi7wj9q30000vphqmtek6jfw	\N	PENDING	\N	\N	\N	PHONE	2025-11-21 16:53:23.248	2025-11-21 16:55:49.573	\N	\N	2025-11-21 16:53:23.246	APP_SCREEN	I understand that this is a teleconsultation, not for emergencies, and I consent to receive medical advice over video/online as per applicable telemedicine guidelines.	IMPLIED	\N	null	\N
cmi93ozr3000evps8j3dxp0km	cmhtkx72l0000vpdkvzg7os8v	cmi7wj9q30000vphqmtek6jfw	\N	PENDING	\N	\N	\N	PHONE	2025-11-21 16:54:52.671	2025-11-21 16:55:49.573	\N	\N	2025-11-21 16:54:52.67	APP_SCREEN	I understand that this is a teleconsultation, not for emergencies, and I consent to receive medical advice over video/online as per applicable telemedicine guidelines.	IMPLIED	\N	null	\N
cmi9m85y90002vpsw5mczesw7	cmhtkx72l0000vpdkvzg7os8v	cmi7wj9q30000vphqmtek6jfw	cmi84213h001tvpmehsizz4ml	CONFIRMED	\N	\N	\N	\N	2025-11-22 01:33:40.254	2025-11-22 01:58:26.142	\N	\N	2025-11-22 01:33:38.871	APP_SCREEN	I confirm that I have read the Telemed disclaimer and consent to receiving medical advice via telemedicine.	APP_SCREEN	\N	\N	\N
cmi9nrp360002vpwbfa6bbf84	cmhtkx72l0000vpdkvzg7os8v	cmhsn6ytp0000vpu1yzlk4hq1	cmhsnbak80000vp7gvxe975cr	CONFIRMED	\N	\N	\N	\N	2025-11-22 02:16:51.136	2025-11-22 02:18:28.881	\N	\N	2025-11-22 02:16:49.399	APP_SCREEN	I confirm that I have read the Telemed disclaimer and consent to receiving medical advice via telemedicine.	APP_SCREEN	\N	\N	\N
\.


--
-- Data for Name: AppointmentStatusHistory; Type: TABLE DATA; Schema: public; Owner: neondb_owner
--

COPY public."AppointmentStatusHistory" (id, "appointmentId", "fromStatus", "toStatus", "actorType", "actorId", reason, "createdAt") FROM stdin;
cmhv4klew0002vp8xv2qf8f8f	cmhtwqcs3000ivpi2unla5gfe	CONFIRMED	CANCELED	PROVIDER	cmhsp11ne0003vp1lun9gq4yr	not confirmed	2025-11-11 22:10:40.616
cmhv4kyrv0006vp8xjmap3g1s	cmhtp4rg90005vp2yijso3ikw	PENDING	CONFIRMED	PROVIDER	cmhsp11ne0003vp1lun9gq4yr	\N	2025-11-11 22:10:57.931
cmhv73kgj0001vpx1da2e6od4	cmhtkxa0z0005vpdkj5392zug	PENDING	CONFIRMED	PROVIDER	cmhsp10v60001vp1lfefsfegc	\N	2025-11-11 23:21:25.074
cmhvh2cb20001vplp6xyft426	cmhuytilu0002vp2zi1ogbgs5	CONFIRMED	CANCELLED	PROVIDER	cmhsp11ne0003vp1lun9gq4yr	 not available	2025-11-12 04:00:24.011
cmhvib61i000bvpladyrx91ui	cmhvi9elv0002vplaao00ixns	CONFIRMED	CONFIRMED	PROVIDER	cmhsp10v60001vp1lfefsfegc	RESCHEDULED 	2025-11-12 04:35:15.415
cmi3zy60t0008vpnggc3st2jx	cmi3zx7ef0002vpng2q2yp6zf	PENDING	CONFIRMED	SYSTEM	\N	PAYMENT_CONFIRMED	2025-11-18 03:11:10.837
cmi3zy60u000avpngq923w5sy	cmi3zx7ef0002vpng2q2yp6zf	PENDING	CONFIRMED	SYSTEM	\N	PAYMENT_CONFIRMED	2025-11-18 03:11:11.058
cmi3zy9q0000evpng1k7ajgfu	cmi3zx7ef0002vpng2q2yp6zf	CONFIRMED	CONFIRMED	SYSTEM	\N	PAYMENT_CONFIRMED	2025-11-18 03:11:15.714
cmi40e1cv0003vp486f3l4plg	cmi3zx7ef0002vpng2q2yp6zf	CONFIRMED	CANCELLED	PROVIDER	cmhsp10v60001vp1lfefsfegc	cfgvhvj	2025-11-18 03:23:31.807
cmi40fzr10009vp482d1h36ej	cmi3zx7ef0002vpng2q2yp6zf	CANCELLED	COMPLETED	PROVIDER	cmhsp10v60001vp1lfefsfegc	\N	2025-11-18 03:25:03.037
cmi40g7lh000dvp48om636tyg	cmi3zx7ef0002vpng2q2yp6zf	COMPLETED	NO_SHOW	PROVIDER	cmhsp10v60001vp1lfefsfegc	test	2025-11-18 03:25:13.206
cmi40glun000hvp48a5cy70go	cmi3zx7ef0002vpng2q2yp6zf	NO_SHOW	NO_SHOW	PROVIDER	cmhsp10v60001vp1lfefsfegc	RESCHEDULED test	2025-11-18 03:25:31.679
cmi40r1nx0001vphc19nbittt	cmi3zx7ef0002vpng2q2yp6zf	NO_SHOW	CANCELLED	PROVIDER	cmhsp10v60001vp1lfefsfegc	test	2025-11-18 03:33:38.732
cmi40rjpk0005vphcotm983iy	cmi3zx7ef0002vpng2q2yp6zf	CANCELLED	CANCELLED	PROVIDER	cmhsp10v60001vp1lfefsfegc	RESCHEDULED test	2025-11-18 03:34:02.12
cmi5i3xg30007vp4ck1w5b8w3	cmi5i2ovw0002vp4cd3yq79ro	PENDING	CONFIRMED	SYSTEM	\N	PAYMENT_CONFIRMED	2025-11-19 04:27:19.206
cmi5i3yf6000avp4c61h7apa0	cmi5i2ovw0002vp4cd3yq79ro	PENDING	CONFIRMED	SYSTEM	\N	PAYMENT_CONFIRMED	2025-11-19 04:27:20.491
cmi5i40a7000dvp4c6m8iu84y	cmi5i2ovw0002vp4cd3yq79ro	CONFIRMED	CONFIRMED	SYSTEM	\N	PAYMENT_CONFIRMED	2025-11-19 04:27:22.831
cmi5i5ume000jvp4c572sbxst	cmi5i2ovw0002vp4cd3yq79ro	CONFIRMED	COMPLETED	PROVIDER	cmhsp10v60001vp1lfefsfegc	\N	2025-11-19 04:28:49.094
cmi5i65ad000nvp4ctg1e4c6l	cmi5i2ovw0002vp4cd3yq79ro	COMPLETED	CANCELLED	PROVIDER	cmhsp10v60001vp1lfefsfegc	test	2025-11-19 04:29:02.918
cmi5i6p4l000rvp4c71fa2kcm	cmi5i2ovw0002vp4cd3yq79ro	CANCELLED	NO_SHOW	PROVIDER	cmhsp10v60001vp1lfefsfegc	test	2025-11-19 04:29:28.629
cmi5i7bsf000vvp4c1461rd0v	cmi5i2ovw0002vp4cd3yq79ro	NO_SHOW	NO_SHOW	PROVIDER	cmhsp10v60001vp1lfefsfegc	RESCHEDULED test	2025-11-19 04:29:57.999
cmi68fckv0004vp04wv180xgc	cmi5i2ovw0002vp4cd3yq79ro	NO_SHOW	CONFIRMED	SYSTEM	\N	PAYMENT_CONFIRMED	2025-11-19 16:44:02.022
cmi68fdsh0009vp04kemnfs7y	cmi5i2ovw0002vp4cd3yq79ro	NO_SHOW	CONFIRMED	SYSTEM	\N	PAYMENT_CONFIRMED	2025-11-19 16:44:03.578
cmi68fdsh0008vp0482xb4n03	cmi5i2ovw0002vp4cd3yq79ro	NO_SHOW	CONFIRMED	SYSTEM	\N	PAYMENT_CONFIRMED	2025-11-19 16:44:03.588
cmi6i5and000gvppcfeszt77k	cmi5i2ovw0002vp4cd3yq79ro	CONFIRMED	CONFIRMED	SYSTEM	\N	PAYMENT_CONFIRMED	2025-11-19 21:16:09.078
cmi6i5and000ivppc0gk3qx9t	cmi5i2ovw0002vp4cd3yq79ro	CONFIRMED	CONFIRMED	SYSTEM	\N	PAYMENT_CONFIRMED	2025-11-19 21:16:09.079
cmi6i5b14000kvppcxwh6iffo	cmi5i2ovw0002vp4cd3yq79ro	CONFIRMED	CONFIRMED	SYSTEM	\N	PAYMENT_CONFIRMED	2025-11-19 21:16:09.297
cmi6kfh11000cvpumy9yba8n5	cmi6i0wm40002vppcwlbybjqj	PENDING	CONFIRMED	PROVIDER	cmhsp10v60001vp1lfefsfegc	\N	2025-11-19 22:20:03.445
\.


--
-- Data for Name: AuditLog; Type: TABLE DATA; Schema: public; Owner: neondb_owner
--

COPY public."AuditLog" (id, "actorId", "actorType", action, meta, at) FROM stdin;
cmhtky0si000avpdk5cf0tyyj	\N	SYSTEM	RZP_WEBHOOK	{"event": "payment.authorized", "entity": "event", "payload": {"payment": {"entity": {"id": "pay_ReAIHyF7BSkZh8", "fee": null, "tax": null, "vpa": null, "bank": null, "card": {"id": "card_ReAII7zCcKkM0G", "emi": false, "name": "", "type": "credit", "last4": "0008", "entity": "card", "issuer": null, "network": "MasterCard", "sub_type": "consumer", "token_iin": null, "international": false}, "email": "void@razorpay.com", "notes": [], "amount": 49900, "entity": "payment", "method": "card", "reward": null, "status": "authorized", "wallet": null, "card_id": "card_ReAII7zCcKkM0G", "contact": "+919966998831", "captured": false, "currency": "INR", "order_id": "order_ReAHvRRIhxgVpL", "created_at": 1762805596, "error_code": null, "error_step": null, "invoice_id": null, "description": "Consultation", "error_reason": null, "error_source": null, "acquirer_data": {"auth_code": "918474"}, "international": false, "refund_status": null, "amount_refunded": 0, "error_description": null}}}, "contains": ["payment"], "account_id": "acc_RaiMW6gcY4w0JS", "created_at": 1762805603}	2025-11-10 20:13:28.579
cmhtkz9x0000kvpdk3oznozid	\N	SYSTEM	RZP_WEBHOOK	{"event": "payment.authorized", "entity": "event", "payload": {"payment": {"entity": {"id": "pay_ReAJO9nFEpNQDl", "fee": null, "tax": null, "vpa": null, "bank": null, "card": {"id": "card_ReAJOMYql2WpeI", "emi": false, "name": "", "type": "credit", "last4": "0008", "entity": "card", "issuer": null, "network": "MasterCard", "sub_type": "consumer", "token_iin": null, "international": false}, "email": "void@razorpay.com", "notes": [], "amount": 49900, "entity": "payment", "method": "card", "reward": null, "status": "authorized", "wallet": null, "card_id": "card_ReAJOMYql2WpeI", "contact": "+919966998831", "captured": false, "currency": "INR", "order_id": "order_ReAJBaYHdBXkzi", "created_at": 1762805659, "error_code": null, "error_step": null, "invoice_id": null, "description": "Consultation", "error_reason": null, "error_source": null, "acquirer_data": {"auth_code": "880856"}, "international": false, "refund_status": null, "amount_refunded": 0, "error_description": null}}}, "contains": ["payment"], "account_id": "acc_RaiMW6gcY4w0JS", "created_at": 1762805664}	2025-11-10 20:14:27.06
cmhtoawg1000avpjshle478mq	\N	SYSTEM	RZP_WEBHOOK	{"event": "payment.authorized", "entity": "event", "payload": {"payment": {"entity": {"id": "pay_ReBtZhp7vgt0A9", "fee": null, "tax": null, "vpa": null, "bank": null, "card": {"id": "card_ReBtZrqarBOqYV", "emi": false, "name": "", "type": "credit", "last4": "0008", "entity": "card", "issuer": null, "network": "MasterCard", "sub_type": "consumer", "token_iin": null, "international": false}, "email": "void@razorpay.com", "notes": [], "amount": 49900, "entity": "payment", "method": "card", "reward": null, "status": "authorized", "wallet": null, "card_id": "card_ReBtZrqarBOqYV", "contact": "+919966998831", "captured": false, "currency": "INR", "order_id": "order_ReBtEWMOwSuoMY", "created_at": 1762811236, "error_code": null, "error_step": null, "invoice_id": null, "description": "Consultation", "error_reason": null, "error_source": null, "acquirer_data": {"auth_code": "626630"}, "international": false, "refund_status": null, "amount_refunded": 0, "error_description": null}}}, "contains": ["payment"], "account_id": "acc_RaiMW6gcY4w0JS", "created_at": 1762811241}	2025-11-10 21:47:28.322
cmhtoayfj000bvpjsjgo6gjuk	\N	SYSTEM	RZP_WEBHOOK	{"event": "order.paid", "entity": "event", "payload": {"order": {"entity": {"id": "order_ReBtEWMOwSuoMY", "notes": [], "amount": 49900, "entity": "order", "status": "paid", "receipt": "appt_cmhtoa3ww0002vpjs8b9symil", "attempts": 1, "checkout": null, "currency": "INR", "offer_id": null, "amount_due": 0, "created_at": 1762811216, "amount_paid": 49900, "description": null}}, "payment": {"entity": {"id": "pay_ReBtZhp7vgt0A9", "fee": 998, "tax": 0, "vpa": null, "bank": null, "card": {"id": "card_ReBtZrqarBOqYV", "emi": false, "name": "", "type": "credit", "last4": "0008", "entity": "card", "issuer": null, "network": "MasterCard", "sub_type": "consumer", "token_iin": null, "international": false}, "email": "void@razorpay.com", "notes": [], "amount": 49900, "entity": "payment", "method": "card", "reward": null, "status": "captured", "wallet": null, "card_id": "card_ReBtZrqarBOqYV", "contact": "+919966998831", "captured": true, "currency": "INR", "order_id": "order_ReBtEWMOwSuoMY", "created_at": 1762811236, "error_code": null, "error_step": null, "invoice_id": null, "description": "Consultation", "error_reason": null, "error_source": null, "acquirer_data": {"auth_code": "626630"}, "international": false, "refund_status": null, "amount_refunded": 0, "error_description": null}}}, "contains": ["payment", "order"], "account_id": "acc_RaiMW6gcY4w0JS", "created_at": 1762811242}	2025-11-10 21:47:30.895
cmhtob083000cvpjssai2u4js	\N	SYSTEM	RZP_WEBHOOK	{"event": "payment.captured", "entity": "event", "payload": {"payment": {"entity": {"id": "pay_ReBtZhp7vgt0A9", "fee": 998, "tax": 0, "vpa": null, "bank": null, "card": {"id": "card_ReBtZrqarBOqYV", "emi": false, "name": "", "type": "credit", "last4": "0008", "entity": "card", "issuer": null, "network": "MasterCard", "sub_type": "consumer", "token_iin": null, "international": false}, "email": "void@razorpay.com", "notes": [], "amount": 49900, "entity": "payment", "method": "card", "reward": null, "status": "captured", "wallet": null, "card_id": "card_ReBtZrqarBOqYV", "contact": "+919966998831", "captured": true, "currency": "INR", "order_id": "order_ReBtEWMOwSuoMY", "created_at": 1762811236, "error_code": null, "error_step": null, "invoice_id": null, "base_amount": 49900, "description": "Consultation", "error_reason": null, "error_source": null, "acquirer_data": {"auth_code": "626630"}, "international": false, "refund_status": null, "amount_refunded": 0, "error_description": null}}}, "contains": ["payment"], "account_id": "acc_RaiMW6gcY4w0JS", "created_at": 1762811242}	2025-11-10 21:47:33.219
cmhtp5e0t000avp2ynjac8vsw	\N	SYSTEM	RZP_WEBHOOK	{"event": "payment.authorized", "entity": "event", "payload": {"payment": {"entity": {"id": "pay_ReCIZqcl5c2FXr", "fee": null, "tax": null, "vpa": null, "bank": null, "card": {"id": "card_ReCIa1EVf59AYg", "emi": false, "name": "", "type": "credit", "last4": "0008", "entity": "card", "issuer": null, "network": "MasterCard", "sub_type": "consumer", "token_iin": null, "international": false}, "email": "void@razorpay.com", "notes": [], "amount": 49900, "entity": "payment", "method": "card", "reward": null, "status": "authorized", "wallet": null, "card_id": "card_ReCIa1EVf59AYg", "contact": "+919966998831", "captured": false, "currency": "INR", "order_id": "order_ReCILcfRxciRq1", "created_at": 1762812656, "error_code": null, "error_step": null, "invoice_id": null, "description": "Consultation", "error_reason": null, "error_source": null, "acquirer_data": {"auth_code": "124718"}, "international": false, "refund_status": null, "amount_refunded": 0, "error_description": null}}}, "contains": ["payment"], "account_id": "acc_RaiMW6gcY4w0JS", "created_at": 1762812661}	2025-11-10 22:11:10.781
cmhtp5eyp000cvp2y4eifhqti	\N	SYSTEM	RZP_WEBHOOK	{"event": "payment.captured", "entity": "event", "payload": {"payment": {"entity": {"id": "pay_ReCIZqcl5c2FXr", "fee": 998, "tax": 0, "vpa": null, "bank": null, "card": {"id": "card_ReCIa1EVf59AYg", "emi": false, "name": "", "type": "credit", "last4": "0008", "entity": "card", "issuer": null, "network": "MasterCard", "sub_type": "consumer", "token_iin": null, "international": false}, "email": "void@razorpay.com", "notes": [], "amount": 49900, "entity": "payment", "method": "card", "reward": null, "status": "captured", "wallet": null, "card_id": "card_ReCIa1EVf59AYg", "contact": "+919966998831", "captured": true, "currency": "INR", "order_id": "order_ReCILcfRxciRq1", "created_at": 1762812656, "error_code": null, "error_step": null, "invoice_id": null, "base_amount": 49900, "description": "Consultation", "error_reason": null, "error_source": null, "acquirer_data": {"auth_code": "124718"}, "international": false, "refund_status": null, "amount_refunded": 0, "error_description": null}}}, "contains": ["payment"], "account_id": "acc_RaiMW6gcY4w0JS", "created_at": 1762812662}	2025-11-10 22:11:12.002
cmhtp5ete000bvp2yw6fqd385	\N	SYSTEM	RZP_WEBHOOK	{"event": "order.paid", "entity": "event", "payload": {"order": {"entity": {"id": "order_ReCILcfRxciRq1", "notes": [], "amount": 49900, "entity": "order", "status": "paid", "receipt": "appt_cmhtp4pni0002vp2ycw3tz5og", "attempts": 1, "checkout": null, "currency": "INR", "offer_id": null, "amount_due": 0, "created_at": 1762812642, "amount_paid": 49900, "description": null}}, "payment": {"entity": {"id": "pay_ReCIZqcl5c2FXr", "fee": 998, "tax": 0, "vpa": null, "bank": null, "card": {"id": "card_ReCIa1EVf59AYg", "emi": false, "name": "", "type": "credit", "last4": "0008", "entity": "card", "issuer": null, "network": "MasterCard", "sub_type": "consumer", "token_iin": null, "international": false}, "email": "void@razorpay.com", "notes": [], "amount": 49900, "entity": "payment", "method": "card", "reward": null, "status": "captured", "wallet": null, "card_id": "card_ReCIa1EVf59AYg", "contact": "+919966998831", "captured": true, "currency": "INR", "order_id": "order_ReCILcfRxciRq1", "created_at": 1762812656, "error_code": null, "error_step": null, "invoice_id": null, "description": "Consultation", "error_reason": null, "error_source": null, "acquirer_data": {"auth_code": "124718"}, "international": false, "refund_status": null, "amount_refunded": 0, "error_description": null}}}, "contains": ["payment", "order"], "account_id": "acc_RaiMW6gcY4w0JS", "created_at": 1762812662}	2025-11-10 22:11:11.81
cmhtpkv6q000avpgeoumkctwh	\N	SYSTEM	RZP_WEBHOOK	{"event": "payment.authorized", "entity": "event", "payload": {"payment": {"entity": {"id": "pay_ReCVJuXCYMBbj6", "fee": null, "tax": null, "vpa": null, "bank": null, "card": {"id": "card_ReCVK61fUYZcdw", "emi": false, "name": "", "type": "credit", "last4": "0008", "entity": "card", "issuer": null, "network": "MasterCard", "sub_type": "consumer", "token_iin": null, "international": false}, "email": "void@razorpay.com", "notes": [], "amount": 49900, "entity": "payment", "method": "card", "reward": null, "status": "authorized", "wallet": null, "card_id": "card_ReCVK61fUYZcdw", "contact": "+919966998831", "captured": false, "currency": "INR", "order_id": "order_ReCV5yJQlozY9W", "created_at": 1762813380, "error_code": null, "error_step": null, "invoice_id": null, "description": "Consultation", "error_reason": null, "error_source": null, "acquirer_data": {"auth_code": "753010"}, "international": false, "refund_status": null, "amount_refunded": 0, "error_description": null}}}, "contains": ["payment"], "account_id": "acc_RaiMW6gcY4w0JS", "created_at": 1762813386}	2025-11-10 22:23:12.86
cmhtpkw12000bvpgejsfab99v	\N	SYSTEM	RZP_WEBHOOK	{"event": "order.paid", "entity": "event", "payload": {"order": {"entity": {"id": "order_ReCV5yJQlozY9W", "notes": [], "amount": 49900, "entity": "order", "status": "paid", "receipt": "appt_cmhtpk9jy0005vpge7x6ewkuv", "attempts": 1, "checkout": null, "currency": "INR", "offer_id": null, "amount_due": 0, "created_at": 1762813366, "amount_paid": 49900, "description": null}}, "payment": {"entity": {"id": "pay_ReCVJuXCYMBbj6", "fee": 998, "tax": 0, "vpa": null, "bank": null, "card": {"id": "card_ReCVK61fUYZcdw", "emi": false, "name": "", "type": "credit", "last4": "0008", "entity": "card", "issuer": null, "network": "MasterCard", "sub_type": "consumer", "token_iin": null, "international": false}, "email": "void@razorpay.com", "notes": [], "amount": 49900, "entity": "payment", "method": "card", "reward": null, "status": "captured", "wallet": null, "card_id": "card_ReCVK61fUYZcdw", "contact": "+919966998831", "captured": true, "currency": "INR", "order_id": "order_ReCV5yJQlozY9W", "created_at": 1762813380, "error_code": null, "error_step": null, "invoice_id": null, "description": "Consultation", "error_reason": null, "error_source": null, "acquirer_data": {"auth_code": "753010"}, "international": false, "refund_status": null, "amount_refunded": 0, "error_description": null}}}, "contains": ["payment", "order"], "account_id": "acc_RaiMW6gcY4w0JS", "created_at": 1762813386}	2025-11-10 22:23:13.959
cmhtpkzmq000cvpgec5mptrkw	\N	SYSTEM	RZP_WEBHOOK	{"event": "payment.captured", "entity": "event", "payload": {"payment": {"entity": {"id": "pay_ReCVJuXCYMBbj6", "fee": 998, "tax": 0, "vpa": null, "bank": null, "card": {"id": "card_ReCVK61fUYZcdw", "emi": false, "name": "", "type": "credit", "last4": "0008", "entity": "card", "issuer": null, "network": "MasterCard", "sub_type": "consumer", "token_iin": null, "international": false}, "email": "void@razorpay.com", "notes": [], "amount": 49900, "entity": "payment", "method": "card", "reward": null, "status": "captured", "wallet": null, "card_id": "card_ReCVK61fUYZcdw", "contact": "+919966998831", "captured": true, "currency": "INR", "order_id": "order_ReCV5yJQlozY9W", "created_at": 1762813380, "error_code": null, "error_step": null, "invoice_id": null, "base_amount": 49900, "description": "Consultation", "error_reason": null, "error_source": null, "acquirer_data": {"auth_code": "753010"}, "international": false, "refund_status": null, "amount_refunded": 0, "error_description": null}}}, "contains": ["payment"], "account_id": "acc_RaiMW6gcY4w0JS", "created_at": 1762813386}	2025-11-10 22:23:18.626
cmhtwk6p4000dvpi2p0mg3ri1	\N	SYSTEM	RZP_WEBHOOK	{"event": "payment.authorized", "entity": "event", "payload": {"payment": {"entity": {"id": "pay_ReFpmjeFilx5Mb", "fee": null, "tax": null, "vpa": null, "bank": null, "card": {"id": "card_ReFpmuKfydUijH", "emi": false, "name": "", "type": "credit", "last4": "0008", "entity": "card", "issuer": null, "network": "MasterCard", "sub_type": "consumer", "token_iin": null, "international": false}, "email": "void@razorpay.com", "notes": [], "amount": 49900, "entity": "payment", "method": "card", "reward": null, "status": "authorized", "wallet": null, "card_id": "card_ReFpmuKfydUijH", "contact": "+919966998831", "captured": false, "currency": "INR", "order_id": "order_ReFpY8Jxh4wgXN", "created_at": 1762825107, "error_code": null, "error_step": null, "invoice_id": null, "description": "Consultation", "error_reason": null, "error_source": null, "acquirer_data": {"auth_code": "877974"}, "international": false, "refund_status": null, "amount_refunded": 0, "error_description": null}}}, "contains": ["payment"], "account_id": "acc_RaiMW6gcY4w0JS", "created_at": 1762825113}	2025-11-11 01:38:38.44
cmhtwk6vy000evpi2ientopez	\N	SYSTEM	RZP_WEBHOOK	{"event": "order.paid", "entity": "event", "payload": {"order": {"entity": {"id": "order_ReFpY8Jxh4wgXN", "notes": [], "amount": 49900, "entity": "order", "status": "paid", "receipt": "appt_cmhtwji6q0002vpi2s4ohmx0u", "attempts": 1, "checkout": null, "currency": "INR", "offer_id": null, "amount_due": 0, "created_at": 1762825093, "amount_paid": 49900, "description": null}}, "payment": {"entity": {"id": "pay_ReFpmjeFilx5Mb", "fee": 998, "tax": 0, "vpa": null, "bank": null, "card": {"id": "card_ReFpmuKfydUijH", "emi": false, "name": "", "type": "credit", "last4": "0008", "entity": "card", "issuer": null, "network": "MasterCard", "sub_type": "consumer", "token_iin": null, "international": false}, "email": "void@razorpay.com", "notes": [], "amount": 49900, "entity": "payment", "method": "card", "reward": null, "status": "captured", "wallet": null, "card_id": "card_ReFpmuKfydUijH", "contact": "+919966998831", "captured": true, "currency": "INR", "order_id": "order_ReFpY8Jxh4wgXN", "created_at": 1762825107, "error_code": null, "error_step": null, "invoice_id": null, "description": "Consultation", "error_reason": null, "error_source": null, "acquirer_data": {"auth_code": "877974"}, "international": false, "refund_status": null, "amount_refunded": 0, "error_description": null}}}, "contains": ["payment", "order"], "account_id": "acc_RaiMW6gcY4w0JS", "created_at": 1762825114}	2025-11-11 01:38:38.686
cmhtwk8xa000fvpi2j76vvc4k	\N	SYSTEM	RZP_WEBHOOK	{"event": "payment.captured", "entity": "event", "payload": {"payment": {"entity": {"id": "pay_ReFpmjeFilx5Mb", "fee": 998, "tax": 0, "vpa": null, "bank": null, "card": {"id": "card_ReFpmuKfydUijH", "emi": false, "name": "", "type": "credit", "last4": "0008", "entity": "card", "issuer": null, "network": "MasterCard", "sub_type": "consumer", "token_iin": null, "international": false}, "email": "void@razorpay.com", "notes": [], "amount": 49900, "entity": "payment", "method": "card", "reward": null, "status": "captured", "wallet": null, "card_id": "card_ReFpmuKfydUijH", "contact": "+919966998831", "captured": true, "currency": "INR", "order_id": "order_ReFpY8Jxh4wgXN", "created_at": 1762825107, "error_code": null, "error_step": null, "invoice_id": null, "base_amount": 49900, "description": "Consultation", "error_reason": null, "error_source": null, "acquirer_data": {"auth_code": "877974"}, "international": false, "refund_status": null, "amount_refunded": 0, "error_description": null}}}, "contains": ["payment"], "account_id": "acc_RaiMW6gcY4w0JS", "created_at": 1762825114}	2025-11-11 01:38:41.327
cmhtwqy81000qvpi2kzpnv1tz	\N	SYSTEM	RZP_WEBHOOK	{"event": "payment.authorized", "entity": "event", "payload": {"payment": {"entity": {"id": "pay_ReFvN0mPOb6OV1", "fee": null, "tax": null, "vpa": null, "bank": null, "card": {"id": "card_ReFvNAOIA9jMhh", "emi": false, "name": "", "type": "credit", "last4": "0008", "entity": "card", "issuer": null, "network": "MasterCard", "sub_type": "consumer", "token_iin": null, "international": false}, "email": "void@razorpay.com", "notes": [], "amount": 49900, "entity": "payment", "method": "card", "reward": null, "status": "authorized", "wallet": null, "card_id": "card_ReFvNAOIA9jMhh", "contact": "+919966998831", "captured": false, "currency": "INR", "order_id": "order_ReFv99ncNZoXJ5", "created_at": 1762825424, "error_code": null, "error_step": null, "invoice_id": null, "description": "Consultation", "error_reason": null, "error_source": null, "acquirer_data": {"auth_code": "440123"}, "international": false, "refund_status": null, "amount_refunded": 0, "error_description": null}}}, "contains": ["payment"], "account_id": "acc_RaiMW6gcY4w0JS", "created_at": 1762825430}	2025-11-11 01:43:54.049
cmhtwqzp7000rvpi2nj30ovt7	\N	SYSTEM	RZP_WEBHOOK	{"event": "order.paid", "entity": "event", "payload": {"order": {"entity": {"id": "order_ReFv99ncNZoXJ5", "notes": [], "amount": 49900, "entity": "order", "status": "paid", "receipt": "appt_cmhtwqcs3000ivpi2unla5gfe", "attempts": 1, "checkout": null, "currency": "INR", "offer_id": null, "amount_due": 0, "created_at": 1762825411, "amount_paid": 49900, "description": null}}, "payment": {"entity": {"id": "pay_ReFvN0mPOb6OV1", "fee": 998, "tax": 0, "vpa": null, "bank": null, "card": {"id": "card_ReFvNAOIA9jMhh", "emi": false, "name": "", "type": "credit", "last4": "0008", "entity": "card", "issuer": null, "network": "MasterCard", "sub_type": "consumer", "token_iin": null, "international": false}, "email": "void@razorpay.com", "notes": [], "amount": 49900, "entity": "payment", "method": "card", "reward": null, "status": "captured", "wallet": null, "card_id": "card_ReFvNAOIA9jMhh", "contact": "+919966998831", "captured": true, "currency": "INR", "order_id": "order_ReFv99ncNZoXJ5", "created_at": 1762825424, "error_code": null, "error_step": null, "invoice_id": null, "description": "Consultation", "error_reason": null, "error_source": null, "acquirer_data": {"auth_code": "440123"}, "international": false, "refund_status": null, "amount_refunded": 0, "error_description": null}}}, "contains": ["payment", "order"], "account_id": "acc_RaiMW6gcY4w0JS", "created_at": 1762825431}	2025-11-11 01:43:55.963
cmhtwr20z000svpi22aazffv9	\N	SYSTEM	RZP_WEBHOOK	{"event": "payment.captured", "entity": "event", "payload": {"payment": {"entity": {"id": "pay_ReFvN0mPOb6OV1", "fee": 998, "tax": 0, "vpa": null, "bank": null, "card": {"id": "card_ReFvNAOIA9jMhh", "emi": false, "name": "", "type": "credit", "last4": "0008", "entity": "card", "issuer": null, "network": "MasterCard", "sub_type": "consumer", "token_iin": null, "international": false}, "email": "void@razorpay.com", "notes": [], "amount": 49900, "entity": "payment", "method": "card", "reward": null, "status": "captured", "wallet": null, "card_id": "card_ReFvNAOIA9jMhh", "contact": "+919966998831", "captured": true, "currency": "INR", "order_id": "order_ReFv99ncNZoXJ5", "created_at": 1762825424, "error_code": null, "error_step": null, "invoice_id": null, "base_amount": 49900, "description": "Consultation", "error_reason": null, "error_source": null, "acquirer_data": {"auth_code": "440123"}, "international": false, "refund_status": null, "amount_refunded": 0, "error_description": null}}}, "contains": ["payment"], "account_id": "acc_RaiMW6gcY4w0JS", "created_at": 1762825431}	2025-11-11 01:43:58.979
cmhtwssi20010vpi2n1henwk8	\N	SYSTEM	RZP_WEBHOOK	{"event": "payment.authorized", "entity": "event", "payload": {"payment": {"entity": {"id": "pay_ReFwvLzpMhgL6a", "fee": null, "tax": null, "vpa": null, "bank": null, "card": {"id": "card_ReFwvW4dc0TrOK", "emi": false, "name": "", "type": "credit", "last4": "0008", "entity": "card", "issuer": null, "network": "MasterCard", "sub_type": "consumer", "token_iin": null, "international": false}, "email": "void@razorpay.com", "notes": [], "amount": 49900, "entity": "payment", "method": "card", "reward": null, "status": "authorized", "wallet": null, "card_id": "card_ReFwvW4dc0TrOK", "contact": "+919966998831", "captured": false, "currency": "INR", "order_id": "order_ReFwhpnGy8BwDg", "created_at": 1762825512, "error_code": null, "error_step": null, "invoice_id": null, "description": "Consultation", "error_reason": null, "error_source": null, "acquirer_data": {"auth_code": "755901"}, "international": false, "refund_status": null, "amount_refunded": 0, "error_description": null}}}, "contains": ["payment"], "account_id": "acc_RaiMW6gcY4w0JS", "created_at": 1762825517}	2025-11-11 01:45:19.946
cmhtwst720011vpi2s6u25tpp	\N	SYSTEM	RZP_WEBHOOK	{"event": "order.paid", "entity": "event", "payload": {"order": {"entity": {"id": "order_ReFwhpnGy8BwDg", "notes": [], "amount": 49900, "entity": "order", "status": "paid", "receipt": "appt_cmhtws977000vvpi2prjx0xlz", "attempts": 1, "checkout": null, "currency": "INR", "offer_id": null, "amount_due": 0, "created_at": 1762825499, "amount_paid": 49900, "description": null}}, "payment": {"entity": {"id": "pay_ReFwvLzpMhgL6a", "fee": 998, "tax": 0, "vpa": null, "bank": null, "card": {"id": "card_ReFwvW4dc0TrOK", "emi": false, "name": "", "type": "credit", "last4": "0008", "entity": "card", "issuer": null, "network": "MasterCard", "sub_type": "consumer", "token_iin": null, "international": false}, "email": "void@razorpay.com", "notes": [], "amount": 49900, "entity": "payment", "method": "card", "reward": null, "status": "captured", "wallet": null, "card_id": "card_ReFwvW4dc0TrOK", "contact": "+919966998831", "captured": true, "currency": "INR", "order_id": "order_ReFwhpnGy8BwDg", "created_at": 1762825512, "error_code": null, "error_step": null, "invoice_id": null, "description": "Consultation", "error_reason": null, "error_source": null, "acquirer_data": {"auth_code": "755901"}, "international": false, "refund_status": null, "amount_refunded": 0, "error_description": null}}}, "contains": ["payment", "order"], "account_id": "acc_RaiMW6gcY4w0JS", "created_at": 1762825518}	2025-11-11 01:45:20.846
cmhtwsv860012vpi23cqsrkbz	\N	SYSTEM	RZP_WEBHOOK	{"event": "payment.captured", "entity": "event", "payload": {"payment": {"entity": {"id": "pay_ReFwvLzpMhgL6a", "fee": 998, "tax": 0, "vpa": null, "bank": null, "card": {"id": "card_ReFwvW4dc0TrOK", "emi": false, "name": "", "type": "credit", "last4": "0008", "entity": "card", "issuer": null, "network": "MasterCard", "sub_type": "consumer", "token_iin": null, "international": false}, "email": "void@razorpay.com", "notes": [], "amount": 49900, "entity": "payment", "method": "card", "reward": null, "status": "captured", "wallet": null, "card_id": "card_ReFwvW4dc0TrOK", "contact": "+919966998831", "captured": true, "currency": "INR", "order_id": "order_ReFwhpnGy8BwDg", "created_at": 1762825512, "error_code": null, "error_step": null, "invoice_id": null, "base_amount": 49900, "description": "Consultation", "error_reason": null, "error_source": null, "acquirer_data": {"auth_code": "755901"}, "international": false, "refund_status": null, "amount_refunded": 0, "error_description": null}}}, "contains": ["payment"], "account_id": "acc_RaiMW6gcY4w0JS", "created_at": 1762825518}	2025-11-11 01:45:23.477
cmhtxo2ao0007vpczdlbetr9m	\N	SYSTEM	RZP_WEBHOOK	{"event": "payment.authorized", "entity": "event", "payload": {"payment": {"entity": {"id": "pay_ReGMbAO7nk0EMt", "fee": null, "tax": null, "vpa": null, "bank": null, "card": {"id": "card_ReGMbKuw5aKLrh", "emi": false, "name": "", "type": "credit", "last4": "0008", "entity": "card", "issuer": null, "network": "MasterCard", "sub_type": "consumer", "token_iin": null, "international": false}, "email": "void@razorpay.com", "notes": [], "amount": 49900, "entity": "payment", "method": "card", "reward": null, "status": "authorized", "wallet": null, "card_id": "card_ReGMbKuw5aKLrh", "contact": "+919966998831", "captured": false, "currency": "INR", "order_id": "order_ReGMJCsWEUe3CG", "created_at": 1762826971, "error_code": null, "error_step": null, "invoice_id": null, "description": "Consultation", "error_reason": null, "error_source": null, "acquirer_data": {"auth_code": "365065"}, "international": false, "refund_status": null, "amount_refunded": 0, "error_description": null}}}, "contains": ["payment"], "account_id": "acc_RaiMW6gcY4w0JS", "created_at": 1762826976}	2025-11-11 02:09:38.976
cmhtxo3fy0008vpczqi1pcy0d	\N	SYSTEM	RZP_WEBHOOK	{"event": "order.paid", "entity": "event", "payload": {"order": {"entity": {"id": "order_ReGMJCsWEUe3CG", "notes": [], "amount": 49900, "entity": "order", "status": "paid", "receipt": "appt_cmhtxn1ad0002vpczwhyj6mpo", "attempts": 1, "checkout": null, "currency": "INR", "offer_id": null, "amount_due": 0, "created_at": 1762826954, "amount_paid": 49900, "description": null}}, "payment": {"entity": {"id": "pay_ReGMbAO7nk0EMt", "fee": 998, "tax": 0, "vpa": null, "bank": null, "card": {"id": "card_ReGMbKuw5aKLrh", "emi": false, "name": "", "type": "credit", "last4": "0008", "entity": "card", "issuer": null, "network": "MasterCard", "sub_type": "consumer", "token_iin": null, "international": false}, "email": "void@razorpay.com", "notes": [], "amount": 49900, "entity": "payment", "method": "card", "reward": null, "status": "captured", "wallet": null, "card_id": "card_ReGMbKuw5aKLrh", "contact": "+919966998831", "captured": true, "currency": "INR", "order_id": "order_ReGMJCsWEUe3CG", "created_at": 1762826971, "error_code": null, "error_step": null, "invoice_id": null, "description": "Consultation", "error_reason": null, "error_source": null, "acquirer_data": {"auth_code": "365065"}, "international": false, "refund_status": null, "amount_refunded": 0, "error_description": null}}}, "contains": ["payment", "order"], "account_id": "acc_RaiMW6gcY4w0JS", "created_at": 1762826977}	2025-11-11 02:09:40.463
cmhtxo6iq0009vpczh1ssmh6l	\N	SYSTEM	RZP_WEBHOOK	{"event": "payment.captured", "entity": "event", "payload": {"payment": {"entity": {"id": "pay_ReGMbAO7nk0EMt", "fee": 998, "tax": 0, "vpa": null, "bank": null, "card": {"id": "card_ReGMbKuw5aKLrh", "emi": false, "name": "", "type": "credit", "last4": "0008", "entity": "card", "issuer": null, "network": "MasterCard", "sub_type": "consumer", "token_iin": null, "international": false}, "email": "void@razorpay.com", "notes": [], "amount": 49900, "entity": "payment", "method": "card", "reward": null, "status": "captured", "wallet": null, "card_id": "card_ReGMbKuw5aKLrh", "contact": "+919966998831", "captured": true, "currency": "INR", "order_id": "order_ReGMJCsWEUe3CG", "created_at": 1762826971, "error_code": null, "error_step": null, "invoice_id": null, "base_amount": 49900, "description": "Consultation", "error_reason": null, "error_source": null, "acquirer_data": {"auth_code": "365065"}, "international": false, "refund_status": null, "amount_refunded": 0, "error_description": null}}}, "contains": ["payment"], "account_id": "acc_RaiMW6gcY4w0JS", "created_at": 1762826977}	2025-11-11 02:09:44.45
cmhu16ene0000vpmzltx2doil	cmhsp10v60001vp1lfefsfegc	PROVIDER	PROVIDER_LOGIN	{"ua": "Mozilla/5.0 (Macintosh; Intel Mac OS X 10_15_7) AppleWebKit/537.36 (KHTML, like Gecko) Chrome/142.0.0.0 Safari/537.36", "email": "dr-asha-menon@telemed.local"}	2025-11-11 03:47:53.641
cmhu16jh60001vpmzerqgwgue	cmhsp10v60001vp1lfefsfegc	PROVIDER	PROVIDER_LOGIN	{"ua": "Mozilla/5.0 (Macintosh; Intel Mac OS X 10_15_7) AppleWebKit/537.36 (KHTML, like Gecko) Chrome/142.0.0.0 Safari/537.36", "email": "dr-asha-menon@telemed.local"}	2025-11-11 03:47:59.899
cmhu17aay0002vpmz10me0kd8	cmhsp10v60001vp1lfefsfegc	PROVIDER	PROVIDER_LOGIN	{"ua": "Mozilla/5.0 (Macintosh; Intel Mac OS X 10_15_7) AppleWebKit/537.36 (KHTML, like Gecko) Chrome/142.0.0.0 Safari/537.36", "email": "dr-asha-menon@telemed.local"}	2025-11-11 03:48:34.666
cmhu1qm500000vp82r74wzk17	cmhsp10v60001vp1lfefsfegc	PROVIDER	PROVIDER_LOGIN	{"ua": "Mozilla/5.0 (Macintosh; Intel Mac OS X 10_15_7) AppleWebKit/537.36 (KHTML, like Gecko) Chrome/142.0.0.0 Safari/537.36", "email": "dr-asha-menon@telemed.local"}	2025-11-11 04:03:36.467
cmhu2lvp50007vpw3p8b446ii	\N	SYSTEM	RZP_WEBHOOK	{"event": "payment.authorized", "entity": "event", "payload": {"payment": {"entity": {"id": "pay_ReIieN2WRvVGo1", "fee": null, "tax": null, "vpa": null, "bank": null, "card": {"id": "card_ReIieYHf7KAkpO", "emi": false, "name": "", "type": "credit", "last4": "0008", "entity": "card", "issuer": null, "network": "MasterCard", "sub_type": "consumer", "token_iin": null, "international": false}, "email": "void@razorpay.com", "notes": [], "amount": 49900, "entity": "payment", "method": "card", "reward": null, "status": "authorized", "wallet": null, "card_id": "card_ReIieYHf7KAkpO", "contact": "+919966998831", "captured": false, "currency": "INR", "order_id": "order_ReIiO2xIPHmU4C", "created_at": 1762835267, "error_code": null, "error_step": null, "invoice_id": null, "description": "Consultation", "error_reason": null, "error_source": null, "acquirer_data": {"auth_code": "562581"}, "international": false, "refund_status": null, "amount_refunded": 0, "error_description": null}}}, "contains": ["payment"], "account_id": "acc_RaiMW6gcY4w0JS", "created_at": 1762835273}	2025-11-11 04:27:55.193
cmhu2lxqc0008vpw33wqbuluo	\N	SYSTEM	RZP_WEBHOOK	{"event": "order.paid", "entity": "event", "payload": {"order": {"entity": {"id": "order_ReIiO2xIPHmU4C", "notes": [], "amount": 49900, "entity": "order", "status": "paid", "receipt": "appt_cmhu2l8nc0002vpw3cxybr3qf", "attempts": 1, "checkout": null, "currency": "INR", "offer_id": null, "amount_due": 0, "created_at": 1762835251, "amount_paid": 49900, "description": null}}, "payment": {"entity": {"id": "pay_ReIieN2WRvVGo1", "fee": 998, "tax": 0, "vpa": null, "bank": null, "card": {"id": "card_ReIieYHf7KAkpO", "emi": false, "name": "", "type": "credit", "last4": "0008", "entity": "card", "issuer": null, "network": "MasterCard", "sub_type": "consumer", "token_iin": null, "international": false}, "email": "void@razorpay.com", "notes": [], "amount": 49900, "entity": "payment", "method": "card", "reward": null, "status": "captured", "wallet": null, "card_id": "card_ReIieYHf7KAkpO", "contact": "+919966998831", "captured": true, "currency": "INR", "order_id": "order_ReIiO2xIPHmU4C", "created_at": 1762835267, "error_code": null, "error_step": null, "invoice_id": null, "description": "Consultation", "error_reason": null, "error_source": null, "acquirer_data": {"auth_code": "562581"}, "international": false, "refund_status": null, "amount_refunded": 0, "error_description": null}}}, "contains": ["payment", "order"], "account_id": "acc_RaiMW6gcY4w0JS", "created_at": 1762835273}	2025-11-11 04:27:57.828
cmhu2m0hb0009vpw31j7dl9kk	\N	SYSTEM	RZP_WEBHOOK	{"event": "payment.captured", "entity": "event", "payload": {"payment": {"entity": {"id": "pay_ReIieN2WRvVGo1", "fee": 998, "tax": 0, "vpa": null, "bank": null, "card": {"id": "card_ReIieYHf7KAkpO", "emi": false, "name": "", "type": "credit", "last4": "0008", "entity": "card", "issuer": null, "network": "MasterCard", "sub_type": "consumer", "token_iin": null, "international": false}, "email": "void@razorpay.com", "notes": [], "amount": 49900, "entity": "payment", "method": "card", "reward": null, "status": "captured", "wallet": null, "card_id": "card_ReIieYHf7KAkpO", "contact": "+919966998831", "captured": true, "currency": "INR", "order_id": "order_ReIiO2xIPHmU4C", "created_at": 1762835267, "error_code": null, "error_step": null, "invoice_id": null, "base_amount": 49900, "description": "Consultation", "error_reason": null, "error_source": null, "acquirer_data": {"auth_code": "562581"}, "international": false, "refund_status": null, "amount_refunded": 0, "error_description": null}}}, "contains": ["payment"], "account_id": "acc_RaiMW6gcY4w0JS", "created_at": 1762835273}	2025-11-11 04:28:01.392
cmhuxxrdw0003vpgg4jdifc7h	\N	SYSTEM	RZP_WEBHOOK	{"event": "payment.authorized", "entity": "event", "payload": {"payment": {"entity": {"id": "pay_ReBtZhp7vgt0A9", "fee": null, "tax": null, "vpa": null, "bank": null, "card": {"id": "card_ReBtZrqarBOqYV", "emi": false, "name": "", "type": "credit", "last4": "0008", "entity": "card", "issuer": null, "network": "MasterCard", "sub_type": "consumer", "token_iin": null, "international": false}, "email": "void@razorpay.com", "notes": [], "amount": 49900, "entity": "payment", "method": "card", "reward": null, "status": "authorized", "wallet": null, "card_id": "card_ReBtZrqarBOqYV", "contact": "+919966998831", "captured": false, "currency": "INR", "order_id": "order_ReBtEWMOwSuoMY", "created_at": 1762811236, "error_code": null, "error_step": null, "invoice_id": null, "description": "Consultation", "error_reason": null, "error_source": null, "acquirer_data": {"auth_code": "626630"}, "international": false, "refund_status": null, "amount_refunded": 0, "error_description": null}}}, "contains": ["payment"], "account_id": "acc_RaiMW6gcY4w0JS", "created_at": 1762811241}	2025-11-11 19:04:57.572
cmhuxxrdx0004vpgg23lmdm03	\N	SYSTEM	RZP_WEBHOOK	{"event": "order.paid", "entity": "event", "payload": {"order": {"entity": {"id": "order_ReBtEWMOwSuoMY", "notes": [], "amount": 49900, "entity": "order", "status": "paid", "receipt": "appt_cmhtoa3ww0002vpjs8b9symil", "attempts": 1, "checkout": null, "currency": "INR", "offer_id": null, "amount_due": 0, "created_at": 1762811216, "amount_paid": 49900, "description": null}}, "payment": {"entity": {"id": "pay_ReBtZhp7vgt0A9", "fee": 998, "tax": 0, "vpa": null, "bank": null, "card": {"id": "card_ReBtZrqarBOqYV", "emi": false, "name": "", "type": "credit", "last4": "0008", "entity": "card", "issuer": null, "network": "MasterCard", "sub_type": "consumer", "token_iin": null, "international": false}, "email": "void@razorpay.com", "notes": [], "amount": 49900, "entity": "payment", "method": "card", "reward": null, "status": "captured", "wallet": null, "card_id": "card_ReBtZrqarBOqYV", "contact": "+919966998831", "captured": true, "currency": "INR", "order_id": "order_ReBtEWMOwSuoMY", "created_at": 1762811236, "error_code": null, "error_step": null, "invoice_id": null, "description": "Consultation", "error_reason": null, "error_source": null, "acquirer_data": {"auth_code": "626630"}, "international": false, "refund_status": null, "amount_refunded": 0, "error_description": null}}}, "contains": ["payment", "order"], "account_id": "acc_RaiMW6gcY4w0JS", "created_at": 1762811242}	2025-11-11 19:04:57.573
cmhuxxrel0005vpgguopxkz3h	\N	SYSTEM	RZP_WEBHOOK	{"event": "payment.captured", "entity": "event", "payload": {"payment": {"entity": {"id": "pay_ReBtZhp7vgt0A9", "fee": 998, "tax": 0, "vpa": null, "bank": null, "card": {"id": "card_ReBtZrqarBOqYV", "emi": false, "name": "", "type": "credit", "last4": "0008", "entity": "card", "issuer": null, "network": "MasterCard", "sub_type": "consumer", "token_iin": null, "international": false}, "email": "void@razorpay.com", "notes": [], "amount": 49900, "entity": "payment", "method": "card", "reward": null, "status": "captured", "wallet": null, "card_id": "card_ReBtZrqarBOqYV", "contact": "+919966998831", "captured": true, "currency": "INR", "order_id": "order_ReBtEWMOwSuoMY", "created_at": 1762811236, "error_code": null, "error_step": null, "invoice_id": null, "base_amount": 49900, "description": "Consultation", "error_reason": null, "error_source": null, "acquirer_data": {"auth_code": "626630"}, "international": false, "refund_status": null, "amount_refunded": 0, "error_description": null}}}, "contains": ["payment"], "account_id": "acc_RaiMW6gcY4w0JS", "created_at": 1762811242}	2025-11-11 19:04:57.597
cmhuy8ifd0003vpq49w6r4rt6	\N	SYSTEM	RZP_WEBHOOK	{"event": "payment.authorized", "entity": "event", "payload": {"payment": {"entity": {"id": "pay_ReCIZqcl5c2FXr", "fee": null, "tax": null, "vpa": null, "bank": null, "card": {"id": "card_ReCIa1EVf59AYg", "emi": false, "name": "", "type": "credit", "last4": "0008", "entity": "card", "issuer": null, "network": "MasterCard", "sub_type": "consumer", "token_iin": null, "international": false}, "email": "void@razorpay.com", "notes": [], "amount": 49900, "entity": "payment", "method": "card", "reward": null, "status": "authorized", "wallet": null, "card_id": "card_ReCIa1EVf59AYg", "contact": "+919966998831", "captured": false, "currency": "INR", "order_id": "order_ReCILcfRxciRq1", "created_at": 1762812656, "error_code": null, "error_step": null, "invoice_id": null, "description": "Consultation", "error_reason": null, "error_source": null, "acquirer_data": {"auth_code": "124718"}, "international": false, "refund_status": null, "amount_refunded": 0, "error_description": null}}}, "contains": ["payment"], "account_id": "acc_RaiMW6gcY4w0JS", "created_at": 1762812661}	2025-11-11 19:13:19.177
cmhuy8kdr0004vpq4yl0kdvt7	\N	SYSTEM	RZP_WEBHOOK	{"event": "order.paid", "entity": "event", "payload": {"order": {"entity": {"id": "order_ReCILcfRxciRq1", "notes": [], "amount": 49900, "entity": "order", "status": "paid", "receipt": "appt_cmhtp4pni0002vp2ycw3tz5og", "attempts": 1, "checkout": null, "currency": "INR", "offer_id": null, "amount_due": 0, "created_at": 1762812642, "amount_paid": 49900, "description": null}}, "payment": {"entity": {"id": "pay_ReCIZqcl5c2FXr", "fee": 998, "tax": 0, "vpa": null, "bank": null, "card": {"id": "card_ReCIa1EVf59AYg", "emi": false, "name": "", "type": "credit", "last4": "0008", "entity": "card", "issuer": null, "network": "MasterCard", "sub_type": "consumer", "token_iin": null, "international": false}, "email": "void@razorpay.com", "notes": [], "amount": 49900, "entity": "payment", "method": "card", "reward": null, "status": "captured", "wallet": null, "card_id": "card_ReCIa1EVf59AYg", "contact": "+919966998831", "captured": true, "currency": "INR", "order_id": "order_ReCILcfRxciRq1", "created_at": 1762812656, "error_code": null, "error_step": null, "invoice_id": null, "description": "Consultation", "error_reason": null, "error_source": null, "acquirer_data": {"auth_code": "124718"}, "international": false, "refund_status": null, "amount_refunded": 0, "error_description": null}}}, "contains": ["payment", "order"], "account_id": "acc_RaiMW6gcY4w0JS", "created_at": 1762812662}	2025-11-11 19:13:21.712
cmhuy8kxm0005vpq4x7ud8yp6	\N	SYSTEM	RZP_WEBHOOK	{"event": "payment.captured", "entity": "event", "payload": {"payment": {"entity": {"id": "pay_ReCIZqcl5c2FXr", "fee": 998, "tax": 0, "vpa": null, "bank": null, "card": {"id": "card_ReCIa1EVf59AYg", "emi": false, "name": "", "type": "credit", "last4": "0008", "entity": "card", "issuer": null, "network": "MasterCard", "sub_type": "consumer", "token_iin": null, "international": false}, "email": "void@razorpay.com", "notes": [], "amount": 49900, "entity": "payment", "method": "card", "reward": null, "status": "captured", "wallet": null, "card_id": "card_ReCIa1EVf59AYg", "contact": "+919966998831", "captured": true, "currency": "INR", "order_id": "order_ReCILcfRxciRq1", "created_at": 1762812656, "error_code": null, "error_step": null, "invoice_id": null, "base_amount": 49900, "description": "Consultation", "error_reason": null, "error_source": null, "acquirer_data": {"auth_code": "124718"}, "international": false, "refund_status": null, "amount_refunded": 0, "error_description": null}}}, "contains": ["payment"], "account_id": "acc_RaiMW6gcY4w0JS", "created_at": 1762812662}	2025-11-11 19:13:22.427
cmhuy8o380009vpq424ex0rmc	\N	SYSTEM	RZP_WEBHOOK	{"event": "order.paid", "entity": "event", "payload": {"order": {"entity": {"id": "order_ReCV5yJQlozY9W", "notes": [], "amount": 49900, "entity": "order", "status": "paid", "receipt": "appt_cmhtpk9jy0005vpge7x6ewkuv", "attempts": 1, "checkout": null, "currency": "INR", "offer_id": null, "amount_due": 0, "created_at": 1762813366, "amount_paid": 49900, "description": null}}, "payment": {"entity": {"id": "pay_ReCVJuXCYMBbj6", "fee": 998, "tax": 0, "vpa": null, "bank": null, "card": {"id": "card_ReCVK61fUYZcdw", "emi": false, "name": "", "type": "credit", "last4": "0008", "entity": "card", "issuer": null, "network": "MasterCard", "sub_type": "consumer", "token_iin": null, "international": false}, "email": "void@razorpay.com", "notes": [], "amount": 49900, "entity": "payment", "method": "card", "reward": null, "status": "captured", "wallet": null, "card_id": "card_ReCVK61fUYZcdw", "contact": "+919966998831", "captured": true, "currency": "INR", "order_id": "order_ReCV5yJQlozY9W", "created_at": 1762813380, "error_code": null, "error_step": null, "invoice_id": null, "description": "Consultation", "error_reason": null, "error_source": null, "acquirer_data": {"auth_code": "753010"}, "international": false, "refund_status": null, "amount_refunded": 0, "error_description": null}}}, "contains": ["payment", "order"], "account_id": "acc_RaiMW6gcY4w0JS", "created_at": 1762813386}	2025-11-11 19:13:26.516
cmhuy8o3r000avpq49a3komwy	\N	SYSTEM	RZP_WEBHOOK	{"event": "payment.authorized", "entity": "event", "payload": {"payment": {"entity": {"id": "pay_ReCVJuXCYMBbj6", "fee": null, "tax": null, "vpa": null, "bank": null, "card": {"id": "card_ReCVK61fUYZcdw", "emi": false, "name": "", "type": "credit", "last4": "0008", "entity": "card", "issuer": null, "network": "MasterCard", "sub_type": "consumer", "token_iin": null, "international": false}, "email": "void@razorpay.com", "notes": [], "amount": 49900, "entity": "payment", "method": "card", "reward": null, "status": "authorized", "wallet": null, "card_id": "card_ReCVK61fUYZcdw", "contact": "+919966998831", "captured": false, "currency": "INR", "order_id": "order_ReCV5yJQlozY9W", "created_at": 1762813380, "error_code": null, "error_step": null, "invoice_id": null, "description": "Consultation", "error_reason": null, "error_source": null, "acquirer_data": {"auth_code": "753010"}, "international": false, "refund_status": null, "amount_refunded": 0, "error_description": null}}}, "contains": ["payment"], "account_id": "acc_RaiMW6gcY4w0JS", "created_at": 1762813386}	2025-11-11 19:13:26.536
cmhuy8ppu000bvpq4bdtzk6t3	\N	SYSTEM	RZP_WEBHOOK	{"event": "payment.captured", "entity": "event", "payload": {"payment": {"entity": {"id": "pay_ReCVJuXCYMBbj6", "fee": 998, "tax": 0, "vpa": null, "bank": null, "card": {"id": "card_ReCVK61fUYZcdw", "emi": false, "name": "", "type": "credit", "last4": "0008", "entity": "card", "issuer": null, "network": "MasterCard", "sub_type": "consumer", "token_iin": null, "international": false}, "email": "void@razorpay.com", "notes": [], "amount": 49900, "entity": "payment", "method": "card", "reward": null, "status": "captured", "wallet": null, "card_id": "card_ReCVK61fUYZcdw", "contact": "+919966998831", "captured": true, "currency": "INR", "order_id": "order_ReCV5yJQlozY9W", "created_at": 1762813380, "error_code": null, "error_step": null, "invoice_id": null, "base_amount": 49900, "description": "Consultation", "error_reason": null, "error_source": null, "acquirer_data": {"auth_code": "753010"}, "international": false, "refund_status": null, "amount_refunded": 0, "error_description": null}}}, "contains": ["payment"], "account_id": "acc_RaiMW6gcY4w0JS", "created_at": 1762813386}	2025-11-11 19:13:28.627
cmhuyu8kc0007vp2zvbdiln8n	\N	SYSTEM	RZP_WEBHOOK	{"event": "payment.authorized", "entity": "event", "payload": {"payment": {"entity": {"id": "pay_ReY5p6UdjN8JFW", "fee": null, "tax": null, "vpa": null, "bank": null, "card": {"id": "card_ReY5pGPQXqt8II", "emi": false, "name": "", "type": "credit", "last4": "0008", "entity": "card", "issuer": null, "network": "MasterCard", "sub_type": "consumer", "token_iin": null, "international": false}, "email": "void@razorpay.com", "notes": [], "amount": 49900, "entity": "payment", "method": "card", "reward": null, "status": "authorized", "wallet": null, "card_id": "card_ReY5pGPQXqt8II", "contact": "+919966998831", "captured": false, "currency": "INR", "order_id": "order_ReY5V5I5Mjecwn", "created_at": 1762889407, "error_code": null, "error_step": null, "invoice_id": null, "description": "Consultation", "error_reason": null, "error_source": null, "acquirer_data": {"auth_code": "334154"}, "international": false, "refund_status": null, "amount_refunded": 0, "error_description": null}}}, "contains": ["payment"], "account_id": "acc_RaiMW6gcY4w0JS", "created_at": 1762889413}	2025-11-11 19:30:12.828
cmhuyuajd0008vp2zxrm6g957	\N	SYSTEM	RZP_WEBHOOK	{"event": "order.paid", "entity": "event", "payload": {"order": {"entity": {"id": "order_ReY5V5I5Mjecwn", "notes": [], "amount": 49900, "entity": "order", "status": "paid", "receipt": "appt_cmhuytilu0002vp2zi1ogbgs5", "attempts": 1, "checkout": null, "currency": "INR", "offer_id": null, "amount_due": 0, "created_at": 1762889388, "amount_paid": 49900, "description": null}}, "payment": {"entity": {"id": "pay_ReY5p6UdjN8JFW", "fee": 998, "tax": 0, "vpa": null, "bank": null, "card": {"id": "card_ReY5pGPQXqt8II", "emi": false, "name": "", "type": "credit", "last4": "0008", "entity": "card", "issuer": null, "network": "MasterCard", "sub_type": "consumer", "token_iin": null, "international": false}, "email": "void@razorpay.com", "notes": [], "amount": 49900, "entity": "payment", "method": "card", "reward": null, "status": "captured", "wallet": null, "card_id": "card_ReY5pGPQXqt8II", "contact": "+919966998831", "captured": true, "currency": "INR", "order_id": "order_ReY5V5I5Mjecwn", "created_at": 1762889407, "error_code": null, "error_step": null, "invoice_id": null, "description": "Consultation", "error_reason": null, "error_source": null, "acquirer_data": {"auth_code": "334154"}, "international": false, "refund_status": null, "amount_refunded": 0, "error_description": null}}}, "contains": ["payment", "order"], "account_id": "acc_RaiMW6gcY4w0JS", "created_at": 1762889413}	2025-11-11 19:30:15.385
cmhuyuc7x0009vp2zmh7ybopg	\N	SYSTEM	RZP_WEBHOOK	{"event": "payment.captured", "entity": "event", "payload": {"payment": {"entity": {"id": "pay_ReY5p6UdjN8JFW", "fee": 998, "tax": 0, "vpa": null, "bank": null, "card": {"id": "card_ReY5pGPQXqt8II", "emi": false, "name": "", "type": "credit", "last4": "0008", "entity": "card", "issuer": null, "network": "MasterCard", "sub_type": "consumer", "token_iin": null, "international": false}, "email": "void@razorpay.com", "notes": [], "amount": 49900, "entity": "payment", "method": "card", "reward": null, "status": "captured", "wallet": null, "card_id": "card_ReY5pGPQXqt8II", "contact": "+919966998831", "captured": true, "currency": "INR", "order_id": "order_ReY5V5I5Mjecwn", "created_at": 1762889407, "error_code": null, "error_step": null, "invoice_id": null, "base_amount": 49900, "description": "Consultation", "error_reason": null, "error_source": null, "acquirer_data": {"auth_code": "334154"}, "international": false, "refund_status": null, "amount_refunded": 0, "error_description": null}}}, "contains": ["payment"], "account_id": "acc_RaiMW6gcY4w0JS", "created_at": 1762889413}	2025-11-11 19:30:17.565
cmhv1vkjv0000vp0zrofwnwi0	cmhsp10v60001vp1lfefsfegc	PROVIDER	APPT_STATUS	{"status": "COMPLETED", "appointmentId": "cmhtoa3ww0002vpjs8b9symil"}	2025-11-11 20:55:13.867
cmhv1vr150001vp0zz6bwn52z	cmhsp10v60001vp1lfefsfegc	PROVIDER	APPT_STATUS	{"status": "NO_SHOW", "appointmentId": "cmhtoa3ww0002vpjs8b9symil"}	2025-11-11 20:55:22.265
cmhv1vybi0002vp0znbh2ty4n	cmhsp10v60001vp1lfefsfegc	PROVIDER	APPT_STATUS	{"status": "CANCELLED", "appointmentId": "cmhtoa3ww0002vpjs8b9symil"}	2025-11-11 20:55:31.71
cmhv1w2r50003vp0zwuf6q2kz	cmhsp10v60001vp1lfefsfegc	PROVIDER	APPT_STATUS	{"status": "CONFIRMED", "appointmentId": "cmhtoa3ww0002vpjs8b9symil"}	2025-11-11 20:55:37.458
cmhv1whql0007vp0zlsqmgpww	\N	SYSTEM	RZP_WEBHOOK	{"event": "payment.authorized", "entity": "event", "payload": {"payment": {"entity": {"id": "pay_ReBtZhp7vgt0A9", "fee": null, "tax": null, "vpa": null, "bank": null, "card": {"id": "card_ReBtZrqarBOqYV", "emi": false, "name": "", "type": "credit", "last4": "0008", "entity": "card", "issuer": null, "network": "MasterCard", "sub_type": "consumer", "token_iin": null, "international": false}, "email": "void@razorpay.com", "notes": [], "amount": 49900, "entity": "payment", "method": "card", "reward": null, "status": "authorized", "wallet": null, "card_id": "card_ReBtZrqarBOqYV", "contact": "+919966998831", "captured": false, "currency": "INR", "order_id": "order_ReBtEWMOwSuoMY", "created_at": 1762811236, "error_code": null, "error_step": null, "invoice_id": null, "description": "Consultation", "error_reason": null, "error_source": null, "acquirer_data": {"auth_code": "626630"}, "international": false, "refund_status": null, "amount_refunded": 0, "error_description": null}}}, "contains": ["payment"], "account_id": "acc_RaiMW6gcY4w0JS", "created_at": 1762811241}	2025-11-11 20:55:56.878
cmhv1wjk80008vp0z8fijh3bs	\N	SYSTEM	RZP_WEBHOOK	{"event": "order.paid", "entity": "event", "payload": {"order": {"entity": {"id": "order_ReBtEWMOwSuoMY", "notes": [], "amount": 49900, "entity": "order", "status": "paid", "receipt": "appt_cmhtoa3ww0002vpjs8b9symil", "attempts": 1, "checkout": null, "currency": "INR", "offer_id": null, "amount_due": 0, "created_at": 1762811216, "amount_paid": 49900, "description": null}}, "payment": {"entity": {"id": "pay_ReBtZhp7vgt0A9", "fee": 998, "tax": 0, "vpa": null, "bank": null, "card": {"id": "card_ReBtZrqarBOqYV", "emi": false, "name": "", "type": "credit", "last4": "0008", "entity": "card", "issuer": null, "network": "MasterCard", "sub_type": "consumer", "token_iin": null, "international": false}, "email": "void@razorpay.com", "notes": [], "amount": 49900, "entity": "payment", "method": "card", "reward": null, "status": "captured", "wallet": null, "card_id": "card_ReBtZrqarBOqYV", "contact": "+919966998831", "captured": true, "currency": "INR", "order_id": "order_ReBtEWMOwSuoMY", "created_at": 1762811236, "error_code": null, "error_step": null, "invoice_id": null, "description": "Consultation", "error_reason": null, "error_source": null, "acquirer_data": {"auth_code": "626630"}, "international": false, "refund_status": null, "amount_refunded": 0, "error_description": null}}}, "contains": ["payment", "order"], "account_id": "acc_RaiMW6gcY4w0JS", "created_at": 1762811242}	2025-11-11 20:55:59.24
cmhv1wjrb0009vp0ziovegj66	\N	SYSTEM	RZP_WEBHOOK	{"event": "payment.captured", "entity": "event", "payload": {"payment": {"entity": {"id": "pay_ReBtZhp7vgt0A9", "fee": 998, "tax": 0, "vpa": null, "bank": null, "card": {"id": "card_ReBtZrqarBOqYV", "emi": false, "name": "", "type": "credit", "last4": "0008", "entity": "card", "issuer": null, "network": "MasterCard", "sub_type": "consumer", "token_iin": null, "international": false}, "email": "void@razorpay.com", "notes": [], "amount": 49900, "entity": "payment", "method": "card", "reward": null, "status": "captured", "wallet": null, "card_id": "card_ReBtZrqarBOqYV", "contact": "+919966998831", "captured": true, "currency": "INR", "order_id": "order_ReBtEWMOwSuoMY", "created_at": 1762811236, "error_code": null, "error_step": null, "invoice_id": null, "base_amount": 49900, "description": "Consultation", "error_reason": null, "error_source": null, "acquirer_data": {"auth_code": "626630"}, "international": false, "refund_status": null, "amount_refunded": 0, "error_description": null}}}, "contains": ["payment"], "account_id": "acc_RaiMW6gcY4w0JS", "created_at": 1762811242}	2025-11-11 20:55:59.496
cmhv4k2t40000vp8xq8r8bo6t	cmhsp11ne0003vp1lun9gq4yr	PROVIDER	APPT_STATUS	{"status": "CANCELLED", "appointmentId": "cmhtwqezm000lvpi2pzb8qogz"}	2025-11-11 22:10:16.504
cmhv78ex70007vpx1nq3qzd1c	\N	SYSTEM	RZP_WEBHOOK	{"event": "payment.captured", "entity": "event", "payload": {"payment": {"entity": {"id": "pay_ReFwvLzpMhgL6a", "fee": 998, "tax": 0, "vpa": null, "bank": null, "card": {"id": "card_ReFwvW4dc0TrOK", "emi": false, "name": "", "type": "credit", "last4": "0008", "entity": "card", "issuer": null, "network": "MasterCard", "sub_type": "consumer", "token_iin": null, "international": false}, "email": "void@razorpay.com", "notes": [], "amount": 49900, "entity": "payment", "method": "card", "reward": null, "status": "captured", "wallet": null, "card_id": "card_ReFwvW4dc0TrOK", "contact": "+919966998831", "captured": true, "currency": "INR", "order_id": "order_ReFwhpnGy8BwDg", "created_at": 1762825512, "error_code": null, "error_step": null, "invoice_id": null, "base_amount": 49900, "description": "Consultation", "error_reason": null, "error_source": null, "acquirer_data": {"auth_code": "755901"}, "international": false, "refund_status": null, "amount_refunded": 0, "error_description": null}}}, "contains": ["payment"], "account_id": "acc_RaiMW6gcY4w0JS", "created_at": 1762825518}	2025-11-11 23:25:11.18
cmhv78g7h0008vpx1au61422p	\N	SYSTEM	RZP_WEBHOOK	{"event": "order.paid", "entity": "event", "payload": {"order": {"entity": {"id": "order_ReFv99ncNZoXJ5", "notes": [], "amount": 49900, "entity": "order", "status": "paid", "receipt": "appt_cmhtwqcs3000ivpi2unla5gfe", "attempts": 1, "checkout": null, "currency": "INR", "offer_id": null, "amount_due": 0, "created_at": 1762825411, "amount_paid": 49900, "description": null}}, "payment": {"entity": {"id": "pay_ReFvN0mPOb6OV1", "fee": 998, "tax": 0, "vpa": null, "bank": null, "card": {"id": "card_ReFvNAOIA9jMhh", "emi": false, "name": "", "type": "credit", "last4": "0008", "entity": "card", "issuer": null, "network": "MasterCard", "sub_type": "consumer", "token_iin": null, "international": false}, "email": "void@razorpay.com", "notes": [], "amount": 49900, "entity": "payment", "method": "card", "reward": null, "status": "captured", "wallet": null, "card_id": "card_ReFvNAOIA9jMhh", "contact": "+919966998831", "captured": true, "currency": "INR", "order_id": "order_ReFv99ncNZoXJ5", "created_at": 1762825424, "error_code": null, "error_step": null, "invoice_id": null, "description": "Consultation", "error_reason": null, "error_source": null, "acquirer_data": {"auth_code": "440123"}, "international": false, "refund_status": null, "amount_refunded": 0, "error_description": null}}}, "contains": ["payment", "order"], "account_id": "acc_RaiMW6gcY4w0JS", "created_at": 1762825431}	2025-11-11 23:25:12.845
cmhv78hf20009vpx1k46xqk44	\N	SYSTEM	RZP_WEBHOOK	{"event": "payment.captured", "entity": "event", "payload": {"payment": {"entity": {"id": "pay_ReFvN0mPOb6OV1", "fee": 998, "tax": 0, "vpa": null, "bank": null, "card": {"id": "card_ReFvNAOIA9jMhh", "emi": false, "name": "", "type": "credit", "last4": "0008", "entity": "card", "issuer": null, "network": "MasterCard", "sub_type": "consumer", "token_iin": null, "international": false}, "email": "void@razorpay.com", "notes": [], "amount": 49900, "entity": "payment", "method": "card", "reward": null, "status": "captured", "wallet": null, "card_id": "card_ReFvNAOIA9jMhh", "contact": "+919966998831", "captured": true, "currency": "INR", "order_id": "order_ReFv99ncNZoXJ5", "created_at": 1762825424, "error_code": null, "error_step": null, "invoice_id": null, "base_amount": 49900, "description": "Consultation", "error_reason": null, "error_source": null, "acquirer_data": {"auth_code": "440123"}, "international": false, "refund_status": null, "amount_refunded": 0, "error_description": null}}}, "contains": ["payment"], "account_id": "acc_RaiMW6gcY4w0JS", "created_at": 1762825431}	2025-11-11 23:25:14.415
cmhv7927c000bvpx1rc7ha8eg	\N	SYSTEM	RZP_WEBHOOK	{"event": "payment.captured", "entity": "event", "payload": {"payment": {"entity": {"id": "pay_ReGMbAO7nk0EMt", "fee": 998, "tax": 0, "vpa": null, "bank": null, "card": {"id": "card_ReGMbKuw5aKLrh", "emi": false, "name": "", "type": "credit", "last4": "0008", "entity": "card", "issuer": null, "network": "MasterCard", "sub_type": "consumer", "token_iin": null, "international": false}, "email": "void@razorpay.com", "notes": [], "amount": 49900, "entity": "payment", "method": "card", "reward": null, "status": "captured", "wallet": null, "card_id": "card_ReGMbKuw5aKLrh", "contact": "+919966998831", "captured": true, "currency": "INR", "order_id": "order_ReGMJCsWEUe3CG", "created_at": 1762826971, "error_code": null, "error_step": null, "invoice_id": null, "base_amount": 49900, "description": "Consultation", "error_reason": null, "error_source": null, "acquirer_data": {"auth_code": "365065"}, "international": false, "refund_status": null, "amount_refunded": 0, "error_description": null}}}, "contains": ["payment"], "account_id": "acc_RaiMW6gcY4w0JS", "created_at": 1762826977}	2025-11-11 23:25:41.353
cmi3zybn8000fvpngusmihs6v	\N	SYSTEM	RZP_WEBHOOK	{"event": "payment.captured", "entity": "event", "payload": {"payment": {"entity": {"id": "pay_Rh39QBfoHmNIUN", "fee": 2, "tax": 0, "vpa": null, "bank": null, "card": {"id": "card_Rh39QSwPcH4Ph4", "emi": false, "name": "", "type": "credit", "last4": "0008", "entity": "card", "issuer": null, "network": "MasterCard", "sub_type": "consumer", "token_iin": null, "international": false}, "email": "void@razorpay.com", "notes": [], "amount": 100, "entity": "payment", "method": "card", "reward": null, "status": "captured", "wallet": null, "card_id": "card_Rh39QSwPcH4Ph4", "contact": "+919966998831", "captured": true, "currency": "INR", "order_id": "order_Rh38xcYasX2ZUB", "created_at": 1763435462, "error_code": null, "error_step": null, "invoice_id": null, "base_amount": 100, "description": "Consultation", "error_reason": null, "error_source": null, "acquirer_data": {"auth_code": "131860"}, "international": false, "refund_status": null, "amount_refunded": 0, "error_description": null}}}, "contains": ["payment"], "account_id": "acc_RaiMW6gcY4w0JS", "created_at": 1763435470}	2025-11-18 03:11:18.644
cmhv7dgay000evpx136ibv82y	\N	SYSTEM	RZP_WEBHOOK	{"event": "order.paid", "entity": "event", "payload": {"order": {"entity": {"id": "order_ReIiO2xIPHmU4C", "notes": [], "amount": 49900, "entity": "order", "status": "paid", "receipt": "appt_cmhu2l8nc0002vpw3cxybr3qf", "attempts": 1, "checkout": null, "currency": "INR", "offer_id": null, "amount_due": 0, "created_at": 1762835251, "amount_paid": 49900, "description": null}}, "payment": {"entity": {"id": "pay_ReIieN2WRvVGo1", "fee": 998, "tax": 0, "vpa": null, "bank": null, "card": {"id": "card_ReIieYHf7KAkpO", "emi": false, "name": "", "type": "credit", "last4": "0008", "entity": "card", "issuer": null, "network": "MasterCard", "sub_type": "consumer", "token_iin": null, "international": false}, "email": "void@razorpay.com", "notes": [], "amount": 49900, "entity": "payment", "method": "card", "reward": null, "status": "captured", "wallet": null, "card_id": "card_ReIieYHf7KAkpO", "contact": "+919966998831", "captured": true, "currency": "INR", "order_id": "order_ReIiO2xIPHmU4C", "created_at": 1762835267, "error_code": null, "error_step": null, "invoice_id": null, "description": "Consultation", "error_reason": null, "error_source": null, "acquirer_data": {"auth_code": "562581"}, "international": false, "refund_status": null, "amount_refunded": 0, "error_description": null}}}, "contains": ["payment", "order"], "account_id": "acc_RaiMW6gcY4w0JS", "created_at": 1762835273}	2025-11-11 23:29:06.251
cmhv7dgty000fvpx1h5xuwyt4	\N	SYSTEM	RZP_WEBHOOK	{"event": "payment.captured", "entity": "event", "payload": {"payment": {"entity": {"id": "pay_ReIieN2WRvVGo1", "fee": 998, "tax": 0, "vpa": null, "bank": null, "card": {"id": "card_ReIieYHf7KAkpO", "emi": false, "name": "", "type": "credit", "last4": "0008", "entity": "card", "issuer": null, "network": "MasterCard", "sub_type": "consumer", "token_iin": null, "international": false}, "email": "void@razorpay.com", "notes": [], "amount": 49900, "entity": "payment", "method": "card", "reward": null, "status": "captured", "wallet": null, "card_id": "card_ReIieYHf7KAkpO", "contact": "+919966998831", "captured": true, "currency": "INR", "order_id": "order_ReIiO2xIPHmU4C", "created_at": 1762835267, "error_code": null, "error_step": null, "invoice_id": null, "base_amount": 49900, "description": "Consultation", "error_reason": null, "error_source": null, "acquirer_data": {"auth_code": "562581"}, "international": false, "refund_status": null, "amount_refunded": 0, "error_description": null}}}, "contains": ["payment"], "account_id": "acc_RaiMW6gcY4w0JS", "created_at": 1762835273}	2025-11-11 23:29:06.934
cmhvia7va0007vplax6nubog7	\N	SYSTEM	RZP_WEBHOOK	{"event": "payment.authorized", "entity": "event", "payload": {"payment": {"entity": {"id": "pay_RehMjtFtMUMH5P", "fee": null, "tax": null, "vpa": null, "bank": null, "card": {"id": "card_RehMk40kF1BoLW", "emi": false, "name": "", "type": "credit", "last4": "0008", "entity": "card", "issuer": null, "network": "MasterCard", "sub_type": "consumer", "token_iin": null, "international": false}, "email": "void@razorpay.com", "notes": [], "amount": 49900, "entity": "payment", "method": "card", "reward": null, "status": "authorized", "wallet": null, "card_id": "card_RehMk40kF1BoLW", "contact": "+919966998831", "captured": false, "currency": "INR", "order_id": "order_RehMLPT8JVCJY9", "created_at": 1762922062, "error_code": null, "error_step": null, "invoice_id": null, "description": "Consultation", "error_reason": null, "error_source": null, "acquirer_data": {"auth_code": "112699"}, "international": false, "refund_status": null, "amount_refunded": 0, "error_description": null}}}, "contains": ["payment"], "account_id": "acc_RaiMW6gcY4w0JS", "created_at": 1762922069}	2025-11-12 04:34:31.126
cmhvia9a50008vplasbq1ajie	\N	SYSTEM	RZP_WEBHOOK	{"event": "order.paid", "entity": "event", "payload": {"order": {"entity": {"id": "order_RehMLPT8JVCJY9", "notes": [], "amount": 49900, "entity": "order", "status": "paid", "receipt": "appt_cmhvi9elv0002vplaao00ixns", "attempts": 1, "checkout": null, "currency": "INR", "offer_id": null, "amount_due": 0, "created_at": 1762922039, "amount_paid": 49900, "description": null}}, "payment": {"entity": {"id": "pay_RehMjtFtMUMH5P", "fee": 998, "tax": 0, "vpa": null, "bank": null, "card": {"id": "card_RehMk40kF1BoLW", "emi": false, "name": "", "type": "credit", "last4": "0008", "entity": "card", "issuer": null, "network": "MasterCard", "sub_type": "consumer", "token_iin": null, "international": false}, "email": "void@razorpay.com", "notes": [], "amount": 49900, "entity": "payment", "method": "card", "reward": null, "status": "captured", "wallet": null, "card_id": "card_RehMk40kF1BoLW", "contact": "+919966998831", "captured": true, "currency": "INR", "order_id": "order_RehMLPT8JVCJY9", "created_at": 1762922062, "error_code": null, "error_step": null, "invoice_id": null, "description": "Consultation", "error_reason": null, "error_source": null, "acquirer_data": {"auth_code": "112699"}, "international": false, "refund_status": null, "amount_refunded": 0, "error_description": null}}}, "contains": ["payment", "order"], "account_id": "acc_RaiMW6gcY4w0JS", "created_at": 1762922069}	2025-11-12 04:34:32.957
cmhvia9vr0009vpla30xftave	\N	SYSTEM	RZP_WEBHOOK	{"event": "payment.captured", "entity": "event", "payload": {"payment": {"entity": {"id": "pay_RehMjtFtMUMH5P", "fee": 998, "tax": 0, "vpa": null, "bank": null, "card": {"id": "card_RehMk40kF1BoLW", "emi": false, "name": "", "type": "credit", "last4": "0008", "entity": "card", "issuer": null, "network": "MasterCard", "sub_type": "consumer", "token_iin": null, "international": false}, "email": "void@razorpay.com", "notes": [], "amount": 49900, "entity": "payment", "method": "card", "reward": null, "status": "captured", "wallet": null, "card_id": "card_RehMk40kF1BoLW", "contact": "+919966998831", "captured": true, "currency": "INR", "order_id": "order_RehMLPT8JVCJY9", "created_at": 1762922062, "error_code": null, "error_step": null, "invoice_id": null, "base_amount": 49900, "description": "Consultation", "error_reason": null, "error_source": null, "acquirer_data": {"auth_code": "112699"}, "international": false, "refund_status": null, "amount_refunded": 0, "error_description": null}}}, "contains": ["payment"], "account_id": "acc_RaiMW6gcY4w0JS", "created_at": 1762922069}	2025-11-12 04:34:33.735
cmhxm1s66000avp8bqudm6u3p	\N	SYSTEM	RZP_WEBHOOK	{"event": "payment.authorized", "entity": "event", "payload": {"payment": {"entity": {"id": "pay_RfHVAtijP4pT1Q", "fee": null, "tax": null, "vpa": null, "bank": null, "card": {"id": "card_RfHVB423hyf0zw", "emi": false, "name": "", "type": "credit", "last4": "0008", "entity": "card", "issuer": null, "network": "MasterCard", "sub_type": "consumer", "token_iin": null, "international": false}, "email": "void@razorpay.com", "notes": [], "amount": 49900, "entity": "payment", "method": "card", "reward": null, "status": "authorized", "wallet": null, "card_id": "card_RfHVB423hyf0zw", "contact": "+919966998831", "captured": false, "currency": "INR", "order_id": "order_RfHUsyTiT4fMGa", "created_at": 1763049320, "error_code": null, "error_step": null, "invoice_id": null, "description": "Consultation", "error_reason": null, "error_source": null, "acquirer_data": {"auth_code": "690255"}, "international": false, "refund_status": null, "amount_refunded": 0, "error_description": null}}}, "contains": ["payment"], "account_id": "acc_RaiMW6gcY4w0JS", "created_at": 1763049325}	2025-11-13 15:55:28.35
cmhxm1sze000bvp8bvhmalgvx	\N	SYSTEM	RZP_WEBHOOK	{"event": "order.paid", "entity": "event", "payload": {"order": {"entity": {"id": "order_RfHUsyTiT4fMGa", "notes": [], "amount": 49900, "entity": "order", "status": "paid", "receipt": "appt_cmhxm0tm60005vp8beypbqp6e", "attempts": 1, "checkout": null, "currency": "INR", "offer_id": null, "amount_due": 0, "created_at": 1763049302, "amount_paid": 49900, "description": null}}, "payment": {"entity": {"id": "pay_RfHVAtijP4pT1Q", "fee": 998, "tax": 0, "vpa": null, "bank": null, "card": {"id": "card_RfHVB423hyf0zw", "emi": false, "name": "", "type": "credit", "last4": "0008", "entity": "card", "issuer": null, "network": "MasterCard", "sub_type": "consumer", "token_iin": null, "international": false}, "email": "void@razorpay.com", "notes": [], "amount": 49900, "entity": "payment", "method": "card", "reward": null, "status": "captured", "wallet": null, "card_id": "card_RfHVB423hyf0zw", "contact": "+919966998831", "captured": true, "currency": "INR", "order_id": "order_RfHUsyTiT4fMGa", "created_at": 1763049320, "error_code": null, "error_step": null, "invoice_id": null, "description": "Consultation", "error_reason": null, "error_source": null, "acquirer_data": {"auth_code": "690255"}, "international": false, "refund_status": null, "amount_refunded": 0, "error_description": null}}}, "contains": ["payment", "order"], "account_id": "acc_RaiMW6gcY4w0JS", "created_at": 1763049326}	2025-11-13 15:55:29.402
cmhxm1wuw000cvp8bnjg68xdc	\N	SYSTEM	RZP_WEBHOOK	{"event": "payment.captured", "entity": "event", "payload": {"payment": {"entity": {"id": "pay_RfHVAtijP4pT1Q", "fee": 998, "tax": 0, "vpa": null, "bank": null, "card": {"id": "card_RfHVB423hyf0zw", "emi": false, "name": "", "type": "credit", "last4": "0008", "entity": "card", "issuer": null, "network": "MasterCard", "sub_type": "consumer", "token_iin": null, "international": false}, "email": "void@razorpay.com", "notes": [], "amount": 49900, "entity": "payment", "method": "card", "reward": null, "status": "captured", "wallet": null, "card_id": "card_RfHVB423hyf0zw", "contact": "+919966998831", "captured": true, "currency": "INR", "order_id": "order_RfHUsyTiT4fMGa", "created_at": 1763049320, "error_code": null, "error_step": null, "invoice_id": null, "base_amount": 49900, "description": "Consultation", "error_reason": null, "error_source": null, "acquirer_data": {"auth_code": "690255"}, "international": false, "refund_status": null, "amount_refunded": 0, "error_description": null}}}, "contains": ["payment"], "account_id": "acc_RaiMW6gcY4w0JS", "created_at": 1763049326}	2025-11-13 15:55:34.424
cmhyohj1f000evp8b6zkwckfc	\N	SYSTEM	RZP_WEBHOOK	{"event": "payment.captured", "entity": "event", "payload": {"payment": {"entity": {"id": "pay_RfHVAtijP4pT1Q", "fee": 998, "tax": 0, "vpa": null, "bank": null, "card": {"id": "card_RfHVB423hyf0zw", "emi": false, "name": "", "type": "credit", "last4": "0008", "entity": "card", "issuer": null, "network": "MasterCard", "sub_type": "consumer", "token_iin": null, "international": false}, "email": "void@razorpay.com", "notes": [], "amount": 49900, "entity": "payment", "method": "card", "reward": null, "status": "captured", "wallet": null, "card_id": "card_RfHVB423hyf0zw", "contact": "+919966998831", "captured": true, "currency": "INR", "order_id": "order_RfHUsyTiT4fMGa", "created_at": 1763049320, "error_code": null, "error_step": null, "invoice_id": null, "base_amount": 49900, "description": "Consultation", "error_reason": null, "error_source": null, "acquirer_data": {"auth_code": "690255"}, "international": false, "refund_status": null, "amount_refunded": 0, "error_description": null}}}, "contains": ["payment"], "account_id": "acc_RaiMW6gcY4w0JS", "created_at": 1763049326}	2025-11-14 09:51:28.419
cmhz2jnm7000gvp8bvoxpa3gv	\N	SYSTEM	RZP_WEBHOOK	{"event": "payment.captured", "entity": "event", "payload": {"payment": {"entity": {"id": "pay_RfHVAtijP4pT1Q", "fee": 998, "tax": 0, "vpa": null, "bank": null, "card": {"id": "card_RfHVB423hyf0zw", "emi": false, "name": "", "type": "credit", "last4": "0008", "entity": "card", "issuer": null, "network": "MasterCard", "sub_type": "consumer", "token_iin": null, "international": false}, "email": "void@razorpay.com", "notes": [], "amount": 49900, "entity": "payment", "method": "card", "reward": null, "status": "captured", "wallet": null, "card_id": "card_RfHVB423hyf0zw", "contact": "+919966998831", "captured": true, "currency": "INR", "order_id": "order_RfHUsyTiT4fMGa", "created_at": 1763049320, "error_code": null, "error_step": null, "invoice_id": null, "base_amount": 49900, "description": "Consultation", "error_reason": null, "error_source": null, "acquirer_data": {"auth_code": "690255"}, "international": false, "refund_status": null, "amount_refunded": 0, "error_description": null}}}, "contains": ["payment"], "account_id": "acc_RaiMW6gcY4w0JS", "created_at": 1763049326}	2025-11-14 16:25:02.288
cmi3zy7sh000bvpng4khsjsa4	\N	SYSTEM	RZP_WEBHOOK	{"event": "payment.authorized", "entity": "event", "payload": {"payment": {"entity": {"id": "pay_Rh39QBfoHmNIUN", "fee": null, "tax": null, "vpa": null, "bank": null, "card": {"id": "card_Rh39QSwPcH4Ph4", "emi": false, "name": "", "type": "credit", "last4": "0008", "entity": "card", "issuer": null, "network": "MasterCard", "sub_type": "consumer", "token_iin": null, "international": false}, "email": "void@razorpay.com", "notes": [], "amount": 100, "entity": "payment", "method": "card", "reward": null, "status": "authorized", "wallet": null, "card_id": "card_Rh39QSwPcH4Ph4", "contact": "+919966998831", "captured": false, "currency": "INR", "order_id": "order_Rh38xcYasX2ZUB", "created_at": 1763435462, "error_code": null, "error_step": null, "invoice_id": null, "description": "Consultation", "error_reason": null, "error_source": null, "acquirer_data": {"auth_code": "131860"}, "international": false, "refund_status": null, "amount_refunded": 0, "error_description": null}}}, "contains": ["payment"], "account_id": "acc_RaiMW6gcY4w0JS", "created_at": 1763435469}	2025-11-18 03:11:13.649
cmi3zy80f000cvpngntcbuek2	\N	SYSTEM	RZP_WEBHOOK	{"event": "order.paid", "entity": "event", "payload": {"order": {"entity": {"id": "order_Rh38xcYasX2ZUB", "notes": [], "amount": 100, "entity": "order", "status": "paid", "receipt": "appt_cmi3zx7ef0002vpng2q2yp6zf", "attempts": 1, "checkout": null, "currency": "INR", "offer_id": null, "amount_due": 0, "created_at": 1763435435, "amount_paid": 100, "description": null}}, "payment": {"entity": {"id": "pay_Rh39QBfoHmNIUN", "fee": 2, "tax": 0, "vpa": null, "bank": null, "card": {"id": "card_Rh39QSwPcH4Ph4", "emi": false, "name": "", "type": "credit", "last4": "0008", "entity": "card", "issuer": null, "network": "MasterCard", "sub_type": "consumer", "token_iin": null, "international": false}, "email": "void@razorpay.com", "notes": [], "amount": 100, "entity": "payment", "method": "card", "reward": null, "status": "captured", "wallet": null, "card_id": "card_Rh39QSwPcH4Ph4", "contact": "+919966998831", "captured": true, "currency": "INR", "order_id": "order_Rh38xcYasX2ZUB", "created_at": 1763435462, "error_code": null, "error_step": null, "invoice_id": null, "description": "Consultation", "error_reason": null, "error_source": null, "acquirer_data": {"auth_code": "131860"}, "international": false, "refund_status": null, "amount_refunded": 0, "error_description": null}}}, "contains": ["payment", "order"], "account_id": "acc_RaiMW6gcY4w0JS", "created_at": 1763435470}	2025-11-18 03:11:13.936
cmi5i3zvd000bvp4cy6z89rzk	\N	SYSTEM	RZP_WEBHOOK	{"event": "payment.authorized", "entity": "event", "payload": {"payment": {"entity": {"id": "pay_RhSyzOa9RC0wor", "fee": null, "tax": null, "vpa": null, "bank": null, "card": {"id": "card_RhSyzZoz0bEVfI", "emi": false, "name": "", "type": "credit", "last4": "0008", "entity": "card", "issuer": null, "network": "MasterCard", "sub_type": "consumer", "token_iin": null, "international": false}, "email": "void@razorpay.com", "notes": [], "amount": 100, "entity": "payment", "method": "card", "reward": null, "status": "authorized", "wallet": null, "card_id": "card_RhSyzZoz0bEVfI", "contact": "+919966998831", "captured": false, "currency": "INR", "order_id": "order_RhSyHdFz8jC7ZF", "created_at": 1763526431, "error_code": null, "error_step": null, "invoice_id": null, "description": "Consultation", "error_reason": null, "error_source": null, "acquirer_data": {"auth_code": "497854"}, "international": false, "refund_status": null, "amount_refunded": 0, "error_description": null}}}, "contains": ["payment"], "account_id": "acc_RaiMW6gcY4w0JS", "created_at": 1763526437}	2025-11-19 04:27:22.328
cmi5i421z000evp4cqq56a1vt	\N	SYSTEM	RZP_WEBHOOK	{"event": "order.paid", "entity": "event", "payload": {"order": {"entity": {"id": "order_RhSyHdFz8jC7ZF", "notes": [], "amount": 100, "entity": "order", "status": "paid", "receipt": "appt_cmi5i2ovw0002vp4cd3yq79ro", "attempts": 1, "checkout": null, "currency": "INR", "offer_id": null, "amount_due": 0, "created_at": 1763526390, "amount_paid": 100, "description": null}}, "payment": {"entity": {"id": "pay_RhSyzOa9RC0wor", "fee": 2, "tax": 0, "vpa": null, "bank": null, "card": {"id": "card_RhSyzZoz0bEVfI", "emi": false, "name": "", "type": "credit", "last4": "0008", "entity": "card", "issuer": null, "network": "MasterCard", "sub_type": "consumer", "token_iin": null, "international": false}, "email": "void@razorpay.com", "notes": [], "amount": 100, "entity": "payment", "method": "card", "reward": null, "status": "captured", "wallet": null, "card_id": "card_RhSyzZoz0bEVfI", "contact": "+919966998831", "captured": true, "currency": "INR", "order_id": "order_RhSyHdFz8jC7ZF", "created_at": 1763526431, "error_code": null, "error_step": null, "invoice_id": null, "description": "Consultation", "error_reason": null, "error_source": null, "acquirer_data": {"auth_code": "497854"}, "international": false, "refund_status": null, "amount_refunded": 0, "error_description": null}}}, "contains": ["payment", "order"], "account_id": "acc_RaiMW6gcY4w0JS", "created_at": 1763526438}	2025-11-19 04:27:25.416
cmi5i422b000fvp4cu3di9rab	\N	SYSTEM	RZP_WEBHOOK	{"event": "payment.captured", "entity": "event", "payload": {"payment": {"entity": {"id": "pay_RhSyzOa9RC0wor", "fee": 2, "tax": 0, "vpa": null, "bank": null, "card": {"id": "card_RhSyzZoz0bEVfI", "emi": false, "name": "", "type": "credit", "last4": "0008", "entity": "card", "issuer": null, "network": "MasterCard", "sub_type": "consumer", "token_iin": null, "international": false}, "email": "void@razorpay.com", "notes": [], "amount": 100, "entity": "payment", "method": "card", "reward": null, "status": "captured", "wallet": null, "card_id": "card_RhSyzZoz0bEVfI", "contact": "+919966998831", "captured": true, "currency": "INR", "order_id": "order_RhSyHdFz8jC7ZF", "created_at": 1763526431, "error_code": null, "error_step": null, "invoice_id": null, "base_amount": 100, "description": "Consultation", "error_reason": null, "error_source": null, "acquirer_data": {"auth_code": "497854"}, "international": false, "refund_status": null, "amount_refunded": 0, "error_description": null}}}, "contains": ["payment"], "account_id": "acc_RaiMW6gcY4w0JS", "created_at": 1763526438}	2025-11-19 04:27:25.427
cmi68fdkc0005vp046npuqvre	\N	SYSTEM	RZP_WEBHOOK	{"event": "order.paid", "entity": "event", "payload": {"order": {"entity": {"id": "order_RhSyHdFz8jC7ZF", "notes": [], "amount": 100, "entity": "order", "status": "paid", "receipt": "appt_cmi5i2ovw0002vp4cd3yq79ro", "attempts": 1, "checkout": null, "currency": "INR", "offer_id": null, "amount_due": 0, "created_at": 1763526390, "amount_paid": 100, "description": null}}, "payment": {"entity": {"id": "pay_RhSyzOa9RC0wor", "fee": 2, "tax": 0, "vpa": null, "bank": null, "card": {"id": "card_RhSyzZoz0bEVfI", "emi": false, "name": "", "type": "credit", "last4": "0008", "entity": "card", "issuer": null, "network": "MasterCard", "sub_type": "consumer", "token_iin": null, "international": false}, "email": "void@razorpay.com", "notes": [], "amount": 100, "entity": "payment", "method": "card", "reward": null, "status": "captured", "wallet": null, "card_id": "card_RhSyzZoz0bEVfI", "contact": "+919966998831", "captured": true, "currency": "INR", "order_id": "order_RhSyHdFz8jC7ZF", "created_at": 1763526431, "error_code": null, "error_step": null, "invoice_id": null, "description": "Consultation", "error_reason": null, "error_source": null, "acquirer_data": {"auth_code": "497854"}, "international": false, "refund_status": null, "amount_refunded": 0, "error_description": null}}}, "contains": ["payment", "order"], "account_id": "acc_RaiMW6gcY4w0JS", "created_at": 1763526438}	2025-11-19 16:44:03.565
cmi68ffb3000avp04yjr7bkfr	\N	SYSTEM	RZP_WEBHOOK	{"event": "payment.authorized", "entity": "event", "payload": {"payment": {"entity": {"id": "pay_RhSyzOa9RC0wor", "fee": null, "tax": null, "vpa": null, "bank": null, "card": {"id": "card_RhSyzZoz0bEVfI", "emi": false, "name": "", "type": "credit", "last4": "0008", "entity": "card", "issuer": null, "network": "MasterCard", "sub_type": "consumer", "token_iin": null, "international": false}, "email": "void@razorpay.com", "notes": [], "amount": 100, "entity": "payment", "method": "card", "reward": null, "status": "authorized", "wallet": null, "card_id": "card_RhSyzZoz0bEVfI", "contact": "+919966998831", "captured": false, "currency": "INR", "order_id": "order_RhSyHdFz8jC7ZF", "created_at": 1763526431, "error_code": null, "error_step": null, "invoice_id": null, "description": "Consultation", "error_reason": null, "error_source": null, "acquirer_data": {"auth_code": "497854"}, "international": false, "refund_status": null, "amount_refunded": 0, "error_description": null}}}, "contains": ["payment"], "account_id": "acc_RaiMW6gcY4w0JS", "created_at": 1763526437}	2025-11-19 16:44:05.824
cmi68fhtp000bvp0410zwqxn2	\N	SYSTEM	RZP_WEBHOOK	{"event": "payment.captured", "entity": "event", "payload": {"payment": {"entity": {"id": "pay_RhSyzOa9RC0wor", "fee": 2, "tax": 0, "vpa": null, "bank": null, "card": {"id": "card_RhSyzZoz0bEVfI", "emi": false, "name": "", "type": "credit", "last4": "0008", "entity": "card", "issuer": null, "network": "MasterCard", "sub_type": "consumer", "token_iin": null, "international": false}, "email": "void@razorpay.com", "notes": [], "amount": 100, "entity": "payment", "method": "card", "reward": null, "status": "captured", "wallet": null, "card_id": "card_RhSyzZoz0bEVfI", "contact": "+919966998831", "captured": true, "currency": "INR", "order_id": "order_RhSyHdFz8jC7ZF", "created_at": 1763526431, "error_code": null, "error_step": null, "invoice_id": null, "base_amount": 100, "description": "Consultation", "error_reason": null, "error_source": null, "acquirer_data": {"auth_code": "497854"}, "international": false, "refund_status": null, "amount_refunded": 0, "error_description": null}}}, "contains": ["payment"], "account_id": "acc_RaiMW6gcY4w0JS", "created_at": 1763526438}	2025-11-19 16:44:09.085
cmi6i5bv7000lvppcrak53r39	\N	SYSTEM	RZP_WEBHOOK	{"event": "order.paid", "entity": "event", "payload": {"order": {"entity": {"id": "order_RhSyHdFz8jC7ZF", "notes": [], "amount": 100, "entity": "order", "status": "paid", "receipt": "appt_cmi5i2ovw0002vp4cd3yq79ro", "attempts": 1, "checkout": null, "currency": "INR", "offer_id": null, "amount_due": 0, "created_at": 1763526390, "amount_paid": 100, "description": null}}, "payment": {"entity": {"id": "pay_RhSyzOa9RC0wor", "fee": 2, "tax": 0, "vpa": null, "bank": null, "card": {"id": "card_RhSyzZoz0bEVfI", "emi": false, "name": "", "type": "credit", "last4": "0008", "entity": "card", "issuer": null, "network": "MasterCard", "sub_type": "consumer", "token_iin": null, "international": false}, "email": "void@razorpay.com", "notes": [], "amount": 100, "entity": "payment", "method": "card", "reward": null, "status": "captured", "wallet": null, "card_id": "card_RhSyzZoz0bEVfI", "contact": "+919966998831", "captured": true, "currency": "INR", "order_id": "order_RhSyHdFz8jC7ZF", "created_at": 1763526431, "error_code": null, "error_step": null, "invoice_id": null, "description": "Consultation", "error_reason": null, "error_source": null, "acquirer_data": {"auth_code": "497854"}, "international": false, "refund_status": null, "amount_refunded": 0, "error_description": null}}}, "contains": ["payment", "order"], "account_id": "acc_RaiMW6gcY4w0JS", "created_at": 1763526438}	2025-11-19 21:16:10.964
cmi6i5ci4000mvppckmf09il0	\N	SYSTEM	RZP_WEBHOOK	{"event": "payment.authorized", "entity": "event", "payload": {"payment": {"entity": {"id": "pay_RhSyzOa9RC0wor", "fee": null, "tax": null, "vpa": null, "bank": null, "card": {"id": "card_RhSyzZoz0bEVfI", "emi": false, "name": "", "type": "credit", "last4": "0008", "entity": "card", "issuer": null, "network": "MasterCard", "sub_type": "consumer", "token_iin": null, "international": false}, "email": "void@razorpay.com", "notes": [], "amount": 100, "entity": "payment", "method": "card", "reward": null, "status": "authorized", "wallet": null, "card_id": "card_RhSyzZoz0bEVfI", "contact": "+919966998831", "captured": false, "currency": "INR", "order_id": "order_RhSyHdFz8jC7ZF", "created_at": 1763526431, "error_code": null, "error_step": null, "invoice_id": null, "description": "Consultation", "error_reason": null, "error_source": null, "acquirer_data": {"auth_code": "497854"}, "international": false, "refund_status": null, "amount_refunded": 0, "error_description": null}}}, "contains": ["payment"], "account_id": "acc_RaiMW6gcY4w0JS", "created_at": 1763526437}	2025-11-19 21:16:11.788
cmi6i5exh000nvppcpgchv0a7	\N	SYSTEM	RZP_WEBHOOK	{"event": "payment.captured", "entity": "event", "payload": {"payment": {"entity": {"id": "pay_RhSyzOa9RC0wor", "fee": 2, "tax": 0, "vpa": null, "bank": null, "card": {"id": "card_RhSyzZoz0bEVfI", "emi": false, "name": "", "type": "credit", "last4": "0008", "entity": "card", "issuer": null, "network": "MasterCard", "sub_type": "consumer", "token_iin": null, "international": false}, "email": "void@razorpay.com", "notes": [], "amount": 100, "entity": "payment", "method": "card", "reward": null, "status": "captured", "wallet": null, "card_id": "card_RhSyzZoz0bEVfI", "contact": "+919966998831", "captured": true, "currency": "INR", "order_id": "order_RhSyHdFz8jC7ZF", "created_at": 1763526431, "error_code": null, "error_step": null, "invoice_id": null, "base_amount": 100, "description": "Consultation", "error_reason": null, "error_source": null, "acquirer_data": {"auth_code": "497854"}, "international": false, "refund_status": null, "amount_refunded": 0, "error_description": null}}}, "contains": ["payment"], "account_id": "acc_RaiMW6gcY4w0JS", "created_at": 1763526438}	2025-11-19 21:16:14.934
\.


--
-- Data for Name: OutboundMessage; Type: TABLE DATA; Schema: public; Owner: neondb_owner
--

COPY public."OutboundMessage" (id, "appointmentId", channel, "toPhone", "toEmail", template, body, status, error, "createdAt", kind) FROM stdin;
cmhv4kmuz0004vp8xzq0qv7xz	cmhtwqcs3000ivpi2unla5gfe	WHATSAPP	+919966998831	\N	appointment_canceled	Your appointment was canceled. not confirmed	FAILED	(#132001) Template name does not exist in the translation	2025-11-11 22:10:42.491	\N
cmhv4kzef0008vp8xym9769n0	cmhtp4rg90005vp2yijso3ikw	WHATSAPP	+919966998831	\N	appointment_confirm	Your appointment is confirmed with Dr. Rohan Iyer.	FAILED	(#132000) Number of parameters does not match the expected number of params	2025-11-11 22:10:58.743	\N
cmhv73lv80003vpx1ev92cb41	cmhtkxa0z0005vpdkj5392zug	WHATSAPP	+919966998831	\N	appointment_confirm	Your appointment is confirmed with Dr. Asha Menon.	FAILED	(#132000) Number of parameters does not match the expected number of params	2025-11-11 23:21:26.9	\N
cmhvh2ebz0003vplpw2g7f7by	cmhuytilu0002vp2zi1ogbgs5	WHATSAPP	+919966998831	\N	appointment_cancel	Your appointment was canceled.  not available	FAILED	(#132001) Template name does not exist in the translation	2025-11-12 04:00:26.639	\N
cmhvib6nc000dvplaici5igcd	cmhvi9elv0002vplaao00ixns	WHATSAPP	+919966998831	\N	appointment_reschedule	Your appointment has been rescheduled. New time: 	FAILED	(#132001) Template name does not exist in the translation	2025-11-12 04:35:16.2	\N
cmhwgauyc0001vpzscfjn6ko9	cmhtkx7t40002vpdkc15x3q0l	WHATSAPP	+919966998831	\N	appointment_rx_pdf	RX PDF link: http://localhost:3000/api/appointments/cmhtkx7t40002vpdkc15x3q0l/prescription.pdf	FAILED	(#132001) Template name does not exist in the translation	2025-11-12 20:26:47.988	RX_PDF
cmi40dcc80001vp4832xnwnnj	cmi3zx7ef0002vpng2q2yp6zf	WHATSAPP	+919966998831	\N	appointment_confirm	Your appointment is confirmed with Dr. Asha Menon.	SENT	\N	2025-11-18 03:22:59.381	\N
cmi40e2d90005vp48wavbvn1b	cmi3zx7ef0002vpng2q2yp6zf	WHATSAPP	+919966998831	\N	appointment_cancel	Your appointment was canceled. cfgvhvj	FAILED	(#132000) Number of parameters does not match the expected number of params	2025-11-18 03:23:33.117	\N
cmi40ecr10007vp48ull4mgs4	cmi3zx7ef0002vpng2q2yp6zf	WHATSAPP	+919966998831	\N	appointment_cancel	Your appointment was canceled. zdfsd	FAILED	(#132000) Number of parameters does not match the expected number of params	2025-11-18 03:23:46.078	\N
cmi40g0yz000bvp48hyk9dm7a	cmi3zx7ef0002vpng2q2yp6zf	WHATSAPP	+919966998831	\N	appointment_complete	Your consultation with Dr. Asha Menon is complete.	SENT	\N	2025-11-18 03:25:04.62	\N
cmi40g89n000fvp4850y4m9tl	cmi3zx7ef0002vpng2q2yp6zf	WHATSAPP	+919966998831	\N	appointment_no_show	We missed you on the call. Reply to reschedule.	SENT	\N	2025-11-18 03:25:14.075	\N
cmi40gmh4000jvp48m366yefz	cmi3zx7ef0002vpng2q2yp6zf	WHATSAPP	+919966998831	\N	appointment_reschedule	Your appointment has been rescheduled. New time: 	FAILED	(#131008) Required parameter is missing	2025-11-18 03:25:32.206	\N
cmi40r3hx0003vphcc729aiac	cmi3zx7ef0002vpng2q2yp6zf	WHATSAPP	+919966998831	\N	appointment_cancel	Your appointment was canceled. test	SENT	\N	2025-11-18 03:33:41.109	\N
cmi40rk4v0007vphcc9vosyc7	cmi3zx7ef0002vpng2q2yp6zf	WHATSAPP	+919966998831	\N	appointment_reschedule	Your appointment has been rescheduled. New time: 18/11/2025, 8:40:26 am	FAILED	(#132000) Number of parameters does not match the expected number of params	2025-11-18 03:34:02.672	\N
cmi5i5phj000hvp4cjz7ebmge	cmi5i2ovw0002vp4cd3yq79ro	WHATSAPP	+919966998831	\N	appointment_confirm	Your appointment is confirmed with Dr. Asha Menon.	SENT	\N	2025-11-19 04:28:42.439	\N
cmi5i5vil000lvp4c33k29t3a	cmi5i2ovw0002vp4cd3yq79ro	WHATSAPP	+919966998831	\N	appointment_complete	Your consultation with Dr. Asha Menon is complete.	SENT	\N	2025-11-19 04:28:50.254	\N
cmi5i66td000pvp4c5xllcae9	cmi5i2ovw0002vp4cd3yq79ro	WHATSAPP	+919966998831	\N	appointment_cancel	Your appointment was canceled. test	SENT	\N	2025-11-19 04:29:04.897	\N
cmi5i6px6000tvp4cwuz4n6h1	cmi5i2ovw0002vp4cd3yq79ro	WHATSAPP	+919966998831	\N	appointment_no_show	We missed you on the call. Reply to reschedule.	SENT	\N	2025-11-19 04:29:29.658	\N
cmi5i7cu4000xvp4cpkbgg24m	cmi5i2ovw0002vp4cd3yq79ro	WHATSAPP	+919966998831	\N	appointment_reschedule	Your appointment has been rescheduled. New time: 19/11/2025, 9:56:21 am	FAILED	(#132000) Number of parameters does not match the expected number of params	2025-11-19 04:29:59.356	\N
cmi6kfi8y000evpumcf7vbi1r	cmi6i0wm40002vppcwlbybjqj	WHATSAPP	+919177505624	\N	appointment_confirm	Your appointment is confirmed with Dr. Asha Menon.	FAILED	(#131030) Recipient phone number not in allowed list	2025-11-19 22:20:05.026	\N
\.


--
-- Data for Name: Patient; Type: TABLE DATA; Schema: public; Owner: neondb_owner
--

COPY public."Patient" (id, name, phone, email, dob, "consentAt", "createdAt", "profilePhotoKey") FROM stdin;
cmhtkx72l0000vpdkvzg7os8v	s c	+919966998831	\N	\N	2025-11-10 20:12:49.753	2025-11-10 20:12:49.755	patients/cmhtkx72l0000vpdkvzg7os8v/profile/1763784219424-b4b72d58-161a-4535-b3f3-656c5c1d1a71-fotos-CCDMI3dfnIo-unsplash.jpg
cmi6i0v0z0000vppc2tjf7ryz	Pratap	+919177505624	\N	\N	2025-11-19 21:12:42.025	2025-11-19 21:12:42.041	\N
cmi6jqim60005vpbe1a6gkjbx	sc	+919704606760	\N	\N	2025-11-19 22:00:38.839	2025-11-19 22:00:38.84	\N
\.


--
-- Data for Name: PatientAddress; Type: TABLE DATA; Schema: public; Owner: neondb_owner
--

COPY public."PatientAddress" (id, "patientId", label, "contactName", "contactPhone", line1, line2, city, state, "postalCode", instructions, "savedAt", "updatedAt", "lastUsedAt") FROM stdin;
cmi8468q6004lvpmepjqvecds	cmhtkx72l0000vpdkvzg7os8v	Home	s c	+919966998831	1-3/4 FCI colony	\N	Naspur	Mancherial	504302	\N	2025-11-21 00:20:31.279	2025-11-22 04:03:51.468	2025-11-21 00:20:31.278
\.


--
-- Data for Name: PatientDocument; Type: TABLE DATA; Schema: public; Owner: neondb_owner
--

COPY public."PatientDocument" (id, "appointmentId", "patientId", key, "fileName", "contentType", "createdAt") FROM stdin;
\.


--
-- Data for Name: PatientLoginOtp; Type: TABLE DATA; Schema: public; Owner: neondb_owner
--

COPY public."PatientLoginOtp" ("phoneKey", "patientId", "codeHash", "expiresAt", attempts, "lastSentAt", "sendCount", "createdAt", "updatedAt") FROM stdin;
\.


--
-- Data for Name: PatientOtp; Type: TABLE DATA; Schema: public; Owner: neondb_owner
--

COPY public."PatientOtp" (id, "patientId", "phoneRaw", "phoneCanonical", last10, "otpHash", "expiresAt", attempts, "lastSentAt", "createdAt", "usedAt") FROM stdin;
\.


--
-- Data for Name: Payment; Type: TABLE DATA; Schema: public; Owner: neondb_owner
--

COPY public."Payment" (id, gateway, "orderId", "paymentRef", amount, currency, status, "appointmentId", "createdAt", "updatedAt", "receiptUrl") FROM stdin;
cmhtkxbal0006vpdkn7w66xyy	RAZORPAY	order_ReAHvRRIhxgVpL	\N	49900	INR	PENDING	cmhtkx7t40002vpdkc15x3q0l	2025-11-10 20:12:55.533	2025-11-10 20:12:55.533	\N
cmhtkyujj000hvpdkt05n9heu	RAZORPAY	order_ReAJBaYHdBXkzi	\N	49900	INR	PENDING	cmhtkysn3000gvpdk00zmcenn	2025-11-10 20:14:07.136	2025-11-10 20:14:07.136	\N
cmhtm4h0g0006vpc0q9qpqndj	RAZORPAY	order_ReArNUCpL4He3f	\N	49900	INR	PENDING	cmhtm4e7j0005vpc0q03t73ts	2025-11-10 20:46:29.152	2025-11-10 20:46:29.152	\N
cmhtoa7lp0006vpjso6v0qezq	RAZORPAY	order_ReBtEWMOwSuoMY	\N	49900	INR	CAPTURED	cmhtoa3ww0002vpjs8b9symil	2025-11-10 21:46:56.126	2025-11-10 21:46:56.126	\N
cmhtp4sdy0006vp2y84cu8on0	RAZORPAY	order_ReCILcfRxciRq1	\N	49900	INR	CAPTURED	cmhtp4pni0002vp2ycw3tz5og	2025-11-10 22:10:42.742	2025-11-10 22:10:42.742	\N
cmi6i5y22000svppczqy4ludi	RAZORPAY	order_RhkBQHuRod7yR7	\N	100	INR	PENDING	cmi6i5udk000qvppcb9odr2cj	2025-11-19 21:16:39.723	2025-11-19 21:16:39.723	\N
cmhtpkb6d0006vpgebn5il90z	RAZORPAY	order_ReCV5yJQlozY9W	pay_ReCVJuXCYMBbj6	49900	INR	CAPTURED	cmhtpk9jy0005vpge7x6ewkuv	2025-11-10 22:22:46.933	2025-11-10 22:22:46.933	\N
cmhtwjlry0009vpi2v6kjph1g	RAZORPAY	order_ReFpY8Jxh4wgXN	pay_ReFpmjeFilx5Mb	49900	INR	CAPTURED	cmhtwji6q0002vpi2s4ohmx0u	2025-11-11 01:38:11.326	2025-11-11 01:38:11.326	\N
cmhtwqfdl000mvpi2lc8906io	RAZORPAY	order_ReFv99ncNZoXJ5	pay_ReFvN0mPOb6OV1	49900	INR	CAPTURED	cmhtwqcs3000ivpi2unla5gfe	2025-11-11 01:43:29.407	2025-11-11 01:43:29.407	\N
cmi6jp67j0004vpbehazegn1e	RAZORPAY	order_Rhkv3pY0i9arfy	\N	100	INR	PENDING	cmi6joyzt0002vpbe5tz8byz1	2025-11-19 21:59:36.368	2025-11-19 21:59:36.368	\N
cmhtwsbza000wvpi2fgg9srky	RAZORPAY	order_ReFwhpnGy8BwDg	pay_ReFwvLzpMhgL6a	49900	INR	CAPTURED	cmhtws977000vvpi2prjx0xlz	2025-11-11 01:44:58.267	2025-11-11 01:44:58.267	\N
cmi6jqn2b0008vpbeknc3vobc	RAZORPAY	order_RhkvzA7reM204s	\N	100	INR	PENDING	cmi6jqjnd0007vpbeq3d2nojs	2025-11-19 22:00:44.867	2025-11-19 22:00:44.867	\N
cmhtxnj840003vpczgc0swert	RAZORPAY	order_ReGMJCsWEUe3CG	pay_ReGMbAO7nk0EMt	49900	INR	CAPTURED	cmhtxn1ad0002vpczwhyj6mpo	2025-11-11 02:09:12.061	2025-11-11 02:09:12.061	\N
cmhu2lbv00003vpw3szmk96j2	RAZORPAY	order_ReIiO2xIPHmU4C	pay_ReIieN2WRvVGo1	49900	INR	CAPTURED	cmhu2l8nc0002vpw3cxybr3qf	2025-11-11 04:27:29.485	2025-11-11 04:27:29.485	\N
cmi6othjj0004vpv1lrwg5dvt	RAZORPAY	order_RhnMDfls17Zkv3	pay_RhnMnTkE51PKxC	100	INR	CAPTURED	cmi6otai80002vpv16gqc493v	2025-11-20 00:22:55.759	2025-11-20 00:22:55.759	\N
cmhuytmib0003vp2z8ihlxmqt	RAZORPAY	order_ReY5V5I5Mjecwn	pay_ReY5p6UdjN8JFW	49900	INR	CAPTURED	cmhuytilu0002vp2zi1ogbgs5	2025-11-11 19:29:44.244	2025-11-11 19:29:44.244	\N
cmhvi9i680003vplaahgriqbh	RAZORPAY	order_RehMLPT8JVCJY9	pay_RehMjtFtMUMH5P	49900	INR	CAPTURED	cmhvi9elv0002vplaao00ixns	2025-11-12 04:33:57.824	2025-11-12 04:33:57.824	\N
cmi6ozuzy0005vpdqgcata8xv	RAZORPAY	order_RhnRRv4ovly6ge	pay_RhnS2YztgzY6Pq	100	INR	CAPTURED	cmi6ozqjs0002vpdq14jgudfq	2025-11-20 00:27:53.134	2025-11-20 00:27:53.134	\N
cmhxm17580006vp8ba48640tk	RAZORPAY	order_RfHUsyTiT4fMGa	pay_RfHVAtijP4pT1Q	49900	INR	CAPTURED	cmhxm0tm60005vp8beypbqp6e	2025-11-13 15:55:01.1	2025-11-13 15:55:01.1	\N
cmi3zxdg20003vpngsyy3cc86	RAZORPAY	order_Rh38xcYasX2ZUB	pay_Rh39QBfoHmNIUN	100	INR	CAPTURED	cmi3zx7ef0002vpng2q2yp6zf	2025-11-18 03:10:32.524	2025-11-18 03:10:32.524	\N
cmi6p5hux000avpdqkfra315r	RAZORPAY	order_RhnW5Cx6750QY2	pay_RhnWbMlVEt9oyr	100	INR	CAPTURED	cmi6p5e1a0008vpdq7m9ppetr	2025-11-20 00:32:16.042	2025-11-20 00:32:16.042	/api/payments/order_RhnW5Cx6750QY2/receipt
cmi5i2v120003vp4czyn8altz	RAZORPAY	order_RhSyHdFz8jC7ZF	pay_RhSyzOa9RC0wor	100	INR	CAPTURED	cmi5i2ovw0002vp4cd3yq79ro	2025-11-19 04:26:27.861	2025-11-19 04:26:27.861	\N
cmi6gixii0004vp89ya7jhj82	RAZORPAY	order_RhjOwgNVtuJc8E	pay_RhjPORKmyLIPup	100	INR	CAPTURED	cmi6girol0002vp89jah9xb5x	2025-11-19 20:30:46.315	2025-11-19 20:30:46.315	\N
cmi6i14p60003vppcci7okf1v	RAZORPAY	order_Rhk7QtdvhdSkzt	\N	100	INR	PENDING	cmi6i0wm40002vppcwlbybjqj	2025-11-19 21:12:53.086	2025-11-19 21:12:53.086	\N
cmi6i2y8k000bvppcm7jb9nz6	RAZORPAY	order_Rhk8xf786Dre7S	pay_Rhk9SDX3ReZ2ds	100	INR	CAPTURED	cmi6i2tom0009vppcp2ie7c5r	2025-11-19 21:14:19.989	2025-11-19 21:14:19.989	\N
cmi7p8yx60004vpawrl5v28gm	RAZORPAY	order_Ri4jMoz7V0NG7P	pay_Ri4jv4tllW8yT5	100	INR	CAPTURED	cmi7p8s1p0002vpawxv0eds4w	2025-11-20 17:22:44.298	2025-11-20 17:22:44.298	/api/payments/order_Ri4jMoz7V0NG7P/receipt
cmi846egs004qvpmeo4troimz	RAZORPAY	order_RiBqpcrogAqtBY	pay_RiBr9rnlsVOBJW	100	INR	CAPTURED	cmi84698l004nvpmem2rp6qzl	2025-11-21 00:20:38.716	2025-11-21 00:20:38.716	/api/payments/order_RiBqpcrogAqtBY/receipt
cmi8d808k0004vpy5o0fn8rae	RAZORPAY	order_RiGAI6h2nsKigO	\N	100	INR	PENDING	cmi8d7qpz0002vpy5f3tidiw2	2025-11-21 04:33:50.132	2025-11-21 04:33:50.132	\N
cmi9miylx0004vpswb5rawu13	RAZORPAY	order_Ric2704lZJI1A2	pay_Ric2sY6to9k1qh	49900	INR	CAPTURED	cmi9m85y90002vpsw5mczesw7	2025-11-22 01:42:01.392	2025-11-22 01:42:01.392	/api/payments/order_Ric2704lZJI1A2/receipt
cmi9nsv5v0004vpwbiaztzae9	RAZORPAY	order_RicNiOLfWirtru	pay_RicO6hv0hsPZPT	49900	INR	CAPTURED	cmi9nrp360002vpwbfa6bbf84	2025-11-22 02:17:45.667	2025-11-22 02:17:45.667	/api/payments/order_RicNiOLfWirtru/receipt
\.


--
-- Data for Name: PaymentReceipt; Type: TABLE DATA; Schema: public; Owner: neondb_owner
--

COPY public."PaymentReceipt" ("appointmentId", key, "createdAt") FROM stdin;
cmi7p8s1p0002vpawxv0eds4w	payments/cmi7p8s1p0002vpawxv0eds4w/receipt-order_Ri4jMoz7V0NG7P.pdf	2025-11-20 17:23:43.381
cmi84698l004nvpmem2rp6qzl	payments/cmi84698l004nvpmem2rp6qzl/receipt-order_RiBqpcrogAqtBY.pdf	2025-11-21 00:21:25.683
\.


--
-- Data for Name: Prescription; Type: TABLE DATA; Schema: public; Owner: neondb_owner
--

COPY public."Prescription" (id, "appointmentId", "pdfKey", meds, "createdAt") FROM stdin;
\.


--
-- Data for Name: Provider; Type: TABLE DATA; Schema: public; Owner: neondb_owner
--

COPY public."Provider" (id, name, speciality, languages, "licenseNo", is24x7, slug, "councilName", qualification, "registrationNumber", "isActive", "licenseDocKey", "profilePhotoKey", "registrationDocKey", phone) FROM stdin;
cmi7wj9q30000vphqmtek6jfw	Dr. RamaDevi	General Medicine	{English,Telugu}	LIC-RAMA-001	f	dr-ramadevi	Telangana Medical Council	MBBS, MD	NMC-RAM-001	t	\N	\N	\N	+919704606760
cmhsn6ytp0000vpu1yzlk4hq1	Dr. Asha Menon	Pediatrics	{en,hi,ml}	RMP-KL-123	t	dr-asha-menon	\N	\N	\N	t	\N	\N	\N	+917573023925
cmhsn70fj000pvpu10pqgvfy0	Dr. Rohan Iyer	Dermatology	{en,mr}	RMP-MH-456	f	dr-rohan-iyer	\N	\N	\N	t	\N	\N	\N	+918906171945
cmhsn71h9001evpu1zzq0sxei	Dr. Saira Khan	Psychiatry	{en,hi,ur}	RMP-DL-789	t	dr-saira-khan	\N	\N	\N	t	\N	\N	\N	+917774483883
cmi61m9w90003vpyh35575zjc	Dr. Kavya Rao	Cardiology	{en,hi,te}	RMP-TS-234	t	dr-kavya-rao	\N	\N	\N	t	\N	\N	\N	+917651159230
cmi61mb3x000svpyhh85qzlsn	Dr. Neeraj Patel	Orthopedics	{en,hi,gu}	RMP-GJ-342	f	dr-neeraj-patel	\N	\N	\N	t	\N	\N	\N	+918359916596
cmi61mc3o001hvpyh6jaecday	Dr. Priya Sharma	ENT	{en,hi}	RMP-UP-908	f	dr-priya-sharma	\N	\N	\N	t	\N	\N	\N	+918481370271
cmi61md4p0026vpyhll9l5ll2	Dr. Lidiya Thomas	Endocrinology	{en,ml,ta}	RMP-KL-671	t	dr-lidiya-thomas	\N	\N	\N	t	\N	\N	\N	+918713203140
cmi61me3k002vvpyhgipzueze	Dr. Farhan Siddiqui	Gastroenterology	{en,hi,ur}	RMP-DL-889	f	dr-farhan-siddiqui	\N	\N	\N	t	\N	\N	\N	+918059492797
cmi61mf2w003kvpyh8jexw5fs	Dr. Geeta Balakrishnan	Neurology	{en,ml}	RMP-KL-411	f	dr-geeta-balakrishnan	\N	\N	\N	t	\N	\N	\N	+917007636871
cmi61mg1s0049vpyhyylcd6wh	Dr. Ranveer Chawla	Oncology	{en,hi,pa}	RMP-PB-120	f	dr-ranveer-chawla	\N	\N	\N	t	\N	\N	\N	+918388338616
cmi61mh6g004yvpyhylarfyu7	Dr. Trisha Banerjee	Ophthalmology	{en,bn,hi}	RMP-WB-557	f	dr-trisha-banerjee	\N	\N	\N	t	\N	\N	\N	+917244118137
\.


--
-- Data for Name: ProviderUser; Type: TABLE DATA; Schema: public; Owner: neondb_owner
--

COPY public."ProviderUser" (id, "providerId", email, "passwordHash", role, "createdAt") FROM stdin;
cmhsp10v60001vp1lfefsfegc	cmhsn6ytp0000vpu1yzlk4hq1	dr-asha-menon@telemed.local	$2b$10$FDbSVHfQ4kfNXUcpA2afHenh36az6hycpNca/FIfnNISHs1VhUJrq	admin	2025-11-10 05:20:00.93
cmhsp11ne0003vp1lun9gq4yr	cmhsn70fj000pvpu10pqgvfy0	dr-rohan-iyer@telemed.local	$2b$10$nA0EhVsb2.W1makfU9rjAeSA5tWCZS6mtope2zr/a64Xyp.2CjQAe	admin	2025-11-10 05:20:01.946
cmhsp12cu0005vp1lyn3sgugu	cmhsn71h9001evpu1zzq0sxei	dr-saira-khan@telemed.local	$2b$10$lYoFlU2xGnHIA4wgJzcZeuSYAn3lJJFT6esGJJIeYpFYxoeIss0hC	admin	2025-11-10 05:20:02.862
\.


--
-- Data for Name: Slot; Type: TABLE DATA; Schema: public; Owner: neondb_owner
--

COPY public."Slot" (id, "providerId", "startsAt", "endsAt", "isBooked") FROM stdin;
cmhsn6zmk0005vpu15y38gcl8	cmhsn6ytp0000vpu1yzlk4hq1	2025-11-10 09:00:00	2025-11-10 10:00:00	f
cmhsn6zmk0006vpu16a883xcl	cmhsn6ytp0000vpu1yzlk4hq1	2025-11-10 10:00:00	2025-11-10 11:00:00	f
cmhsn6zmk0007vpu14fo263da	cmhsn6ytp0000vpu1yzlk4hq1	2025-11-10 11:00:00	2025-11-10 12:00:00	f
cmhsn6zmk0008vpu1xaboxrhp	cmhsn6ytp0000vpu1yzlk4hq1	2025-11-10 12:00:00	2025-11-10 13:00:00	f
cmhsn6zmk0009vpu15hbh15n4	cmhsn6ytp0000vpu1yzlk4hq1	2025-11-10 13:00:00	2025-11-10 14:00:00	f
cmhsn6zmk000avpu1qbwg79pu	cmhsn6ytp0000vpu1yzlk4hq1	2025-11-10 14:00:00	2025-11-10 15:00:00	f
cmhsn6zmk000bvpu1y7na0390	cmhsn6ytp0000vpu1yzlk4hq1	2025-11-10 15:00:00	2025-11-10 16:00:00	f
cmhsn6zmk000cvpu1zkipgfz7	cmhsn6ytp0000vpu1yzlk4hq1	2025-11-10 16:00:00	2025-11-10 17:00:00	f
cmhsn6zmk000dvpu1lv9mwd8e	cmhsn6ytp0000vpu1yzlk4hq1	2025-11-10 17:00:00	2025-11-10 18:00:00	f
cmhsn6zmk000evpu1x844w5vm	cmhsn6ytp0000vpu1yzlk4hq1	2025-11-10 18:00:00	2025-11-10 19:00:00	f
cmhsn6zmk000fvpu1g64avw27	cmhsn6ytp0000vpu1yzlk4hq1	2025-11-10 19:00:00	2025-11-10 20:00:00	f
cmhsn6zmk000gvpu1pvjqdsph	cmhsn6ytp0000vpu1yzlk4hq1	2025-11-10 20:00:00	2025-11-10 21:00:00	f
cmhsn6zmk000hvpu1sq9tkdyw	cmhsn6ytp0000vpu1yzlk4hq1	2025-11-10 21:00:00	2025-11-10 22:00:00	f
cmhsn6zmk000ivpu1s8uof8cx	cmhsn6ytp0000vpu1yzlk4hq1	2025-11-10 22:00:00	2025-11-10 23:00:00	f
cmhsn6zmk000jvpu1dcuyw56n	cmhsn6ytp0000vpu1yzlk4hq1	2025-11-10 23:00:00	2025-11-11 00:00:00	f
cmhsn6zmk000kvpu1e9o30xda	cmhsn6ytp0000vpu1yzlk4hq1	2025-11-11 00:00:00	2025-11-11 01:00:00	f
cmhsn6zmk000lvpu1vcuiv1vo	cmhsn6ytp0000vpu1yzlk4hq1	2025-11-11 01:00:00	2025-11-11 02:00:00	f
cmhsn6zmk000mvpu10jkjawwh	cmhsn6ytp0000vpu1yzlk4hq1	2025-11-11 02:00:00	2025-11-11 03:00:00	f
cmhsn6zmk000nvpu1wvju79w2	cmhsn6ytp0000vpu1yzlk4hq1	2025-11-11 03:00:00	2025-11-11 04:00:00	f
cmhsn6zmk000ovpu1lu93lryl	cmhsn6ytp0000vpu1yzlk4hq1	2025-11-11 04:00:00	2025-11-11 05:00:00	f
cmhsn70u7000rvpu1r5c5fbil	cmhsn70fj000pvpu10pqgvfy0	2025-11-10 06:00:00	2025-11-10 07:00:00	f
cmhsn70u7000svpu1nme5hxrf	cmhsn70fj000pvpu10pqgvfy0	2025-11-10 07:00:00	2025-11-10 08:00:00	f
cmhsn70u7000tvpu1tmg2jeym	cmhsn70fj000pvpu10pqgvfy0	2025-11-10 08:00:00	2025-11-10 09:00:00	f
cmhsn70u7000uvpu1dqny5hws	cmhsn70fj000pvpu10pqgvfy0	2025-11-10 09:00:00	2025-11-10 10:00:00	f
cmhsn70u7000vvpu1rehoyeub	cmhsn70fj000pvpu10pqgvfy0	2025-11-10 10:00:00	2025-11-10 11:00:00	f
cmhsn70u7000wvpu1a2xxefap	cmhsn70fj000pvpu10pqgvfy0	2025-11-10 11:00:00	2025-11-10 12:00:00	f
cmhsn70u7000xvpu1bx4b14jm	cmhsn70fj000pvpu10pqgvfy0	2025-11-10 12:00:00	2025-11-10 13:00:00	f
cmhsn70u7000yvpu148atbtki	cmhsn70fj000pvpu10pqgvfy0	2025-11-10 13:00:00	2025-11-10 14:00:00	f
cmhsn70u7000zvpu1oats23rr	cmhsn70fj000pvpu10pqgvfy0	2025-11-10 14:00:00	2025-11-10 15:00:00	f
cmhsn70u70010vpu1lf7bluua	cmhsn70fj000pvpu10pqgvfy0	2025-11-10 15:00:00	2025-11-10 16:00:00	f
cmhsn70u70011vpu1ph6tgaf7	cmhsn70fj000pvpu10pqgvfy0	2025-11-10 16:00:00	2025-11-10 17:00:00	f
cmhsn70u70012vpu147w9we5f	cmhsn70fj000pvpu10pqgvfy0	2025-11-10 17:00:00	2025-11-10 18:00:00	f
cmhsn70u70013vpu1bkqbemkb	cmhsn70fj000pvpu10pqgvfy0	2025-11-10 18:00:00	2025-11-10 19:00:00	f
cmhsn70u70014vpu1voa6n2vw	cmhsn70fj000pvpu10pqgvfy0	2025-11-10 19:00:00	2025-11-10 20:00:00	f
cmhsn70u70015vpu1wa00nvru	cmhsn70fj000pvpu10pqgvfy0	2025-11-10 20:00:00	2025-11-10 21:00:00	f
cmhsn70u70016vpu14020ssfg	cmhsn70fj000pvpu10pqgvfy0	2025-11-10 21:00:00	2025-11-10 22:00:00	f
cmhsn70u70017vpu11f06pj75	cmhsn70fj000pvpu10pqgvfy0	2025-11-10 22:00:00	2025-11-10 23:00:00	f
cmhsn70u70018vpu1rip08yuf	cmhsn70fj000pvpu10pqgvfy0	2025-11-10 23:00:00	2025-11-11 00:00:00	f
cmhsn70u70019vpu1fzyko0fq	cmhsn70fj000pvpu10pqgvfy0	2025-11-11 00:00:00	2025-11-11 01:00:00	f
cmhsn70u7001avpu1fnopi590	cmhsn70fj000pvpu10pqgvfy0	2025-11-11 01:00:00	2025-11-11 02:00:00	f
cmhsn70u7001bvpu1l0jute5q	cmhsn70fj000pvpu10pqgvfy0	2025-11-11 02:00:00	2025-11-11 03:00:00	f
cmhsn70u7001cvpu191c8ru1n	cmhsn70fj000pvpu10pqgvfy0	2025-11-11 03:00:00	2025-11-11 04:00:00	f
cmhsn70u7001dvpu1n03kysbc	cmhsn70fj000pvpu10pqgvfy0	2025-11-11 04:00:00	2025-11-11 05:00:00	f
cmhsn71vv001fvpu1u2u4uyhs	cmhsn71h9001evpu1zzq0sxei	2025-11-10 05:00:00	2025-11-10 06:00:00	f
cmhsn71vv001gvpu1my4wwko0	cmhsn71h9001evpu1zzq0sxei	2025-11-10 06:00:00	2025-11-10 07:00:00	f
cmhsn71vv001hvpu1lfv7b0mg	cmhsn71h9001evpu1zzq0sxei	2025-11-10 07:00:00	2025-11-10 08:00:00	f
cmhsn71vv001ivpu1y6ns5uus	cmhsn71h9001evpu1zzq0sxei	2025-11-10 08:00:00	2025-11-10 09:00:00	f
cmhsn71vv001jvpu1m9zcvwwq	cmhsn71h9001evpu1zzq0sxei	2025-11-10 09:00:00	2025-11-10 10:00:00	f
cmhsn71vv001kvpu1y2tlcrbk	cmhsn71h9001evpu1zzq0sxei	2025-11-10 10:00:00	2025-11-10 11:00:00	f
cmhsn71vv001lvpu1rkkzr0tp	cmhsn71h9001evpu1zzq0sxei	2025-11-10 11:00:00	2025-11-10 12:00:00	f
cmhsn71vv001mvpu1fijhnq23	cmhsn71h9001evpu1zzq0sxei	2025-11-10 12:00:00	2025-11-10 13:00:00	f
cmhsn71vv001nvpu1h63wu4bx	cmhsn71h9001evpu1zzq0sxei	2025-11-10 13:00:00	2025-11-10 14:00:00	f
cmhsn71vv001ovpu1ccu333tg	cmhsn71h9001evpu1zzq0sxei	2025-11-10 14:00:00	2025-11-10 15:00:00	f
cmhsn71vv001pvpu1o1pxxyis	cmhsn71h9001evpu1zzq0sxei	2025-11-10 15:00:00	2025-11-10 16:00:00	f
cmhsn71vv001qvpu19bwcbi9d	cmhsn71h9001evpu1zzq0sxei	2025-11-10 16:00:00	2025-11-10 17:00:00	f
cmhsn71vv001rvpu1hwg0a6mh	cmhsn71h9001evpu1zzq0sxei	2025-11-10 17:00:00	2025-11-10 18:00:00	f
cmhsn71vv001svpu1bdkxdqqo	cmhsn71h9001evpu1zzq0sxei	2025-11-10 18:00:00	2025-11-10 19:00:00	f
cmhsn71vv001tvpu1xbolyf66	cmhsn71h9001evpu1zzq0sxei	2025-11-10 19:00:00	2025-11-10 20:00:00	f
cmhsn71vv001uvpu19971zf6o	cmhsn71h9001evpu1zzq0sxei	2025-11-10 20:00:00	2025-11-10 21:00:00	f
cmhsn71vv001vvpu1t4zfe8j2	cmhsn71h9001evpu1zzq0sxei	2025-11-10 21:00:00	2025-11-10 22:00:00	f
cmhsn71vv001wvpu12p02mtx6	cmhsn71h9001evpu1zzq0sxei	2025-11-10 22:00:00	2025-11-10 23:00:00	f
cmhsn71vv001xvpu175oapkkq	cmhsn71h9001evpu1zzq0sxei	2025-11-10 23:00:00	2025-11-11 00:00:00	f
cmhsn71vv001yvpu1ql92i44c	cmhsn71h9001evpu1zzq0sxei	2025-11-11 00:00:00	2025-11-11 01:00:00	f
cmhsn71vv001zvpu1npih5ksu	cmhsn71h9001evpu1zzq0sxei	2025-11-11 01:00:00	2025-11-11 02:00:00	f
cmhsn71vv0020vpu1uzcarg2m	cmhsn71h9001evpu1zzq0sxei	2025-11-11 02:00:00	2025-11-11 03:00:00	f
cmhsn71vv0021vpu1mib478p4	cmhsn71h9001evpu1zzq0sxei	2025-11-11 03:00:00	2025-11-11 04:00:00	f
cmhsn71vv0022vpu1yu457n54	cmhsn71h9001evpu1zzq0sxei	2025-11-11 04:00:00	2025-11-11 05:00:00	f
cmhsn70u7000qvpu1ylmjdam7	cmhsn70fj000pvpu10pqgvfy0	2025-11-10 05:00:00	2025-11-10 06:00:00	f
cmhsnbak8000avp7g92epdnvm	cmhsn6ytp0000vpu1yzlk4hq1	2025-11-10 08:30:00	2025-11-10 09:00:00	f
cmhsnbak8000cvp7g8bvt18mb	cmhsn6ytp0000vpu1yzlk4hq1	2025-11-10 09:30:00	2025-11-10 10:00:00	f
cmhsnbak8000evp7g48xet9e7	cmhsn6ytp0000vpu1yzlk4hq1	2025-11-10 10:30:00	2025-11-10 11:00:00	f
cmhsnbak8000kvp7gh2nymwnv	cmhsn70fj000pvpu10pqgvfy0	2025-11-10 05:30:00	2025-11-10 06:00:00	f
cmhsnbak8000mvp7g37fm3dl4	cmhsn70fj000pvpu10pqgvfy0	2025-11-10 06:30:00	2025-11-10 07:00:00	f
cmhsnbak8000ovp7gutsidvwz	cmhsn70fj000pvpu10pqgvfy0	2025-11-10 07:30:00	2025-11-10 08:00:00	f
cmhsnbak8000qvp7ghfzdrhbv	cmhsn70fj000pvpu10pqgvfy0	2025-11-10 08:30:00	2025-11-10 09:00:00	f
cmhsnbak8000svp7gkgqdwa3x	cmhsn70fj000pvpu10pqgvfy0	2025-11-10 09:30:00	2025-11-10 10:00:00	f
cmhsnbak8000uvp7gu9del1za	cmhsn70fj000pvpu10pqgvfy0	2025-11-10 10:30:00	2025-11-10 11:00:00	f
cmhsnbak9000yvp7gm3g0ep49	cmhsn71h9001evpu1zzq0sxei	2025-11-10 04:30:00	2025-11-10 05:00:00	f
cmhsnbak90010vp7gt4f004uo	cmhsn71h9001evpu1zzq0sxei	2025-11-10 05:30:00	2025-11-10 06:00:00	f
cmhsnbak90012vp7g6dg14vym	cmhsn71h9001evpu1zzq0sxei	2025-11-10 06:30:00	2025-11-10 07:00:00	f
cmhsnbak90014vp7gj3h3wpth	cmhsn71h9001evpu1zzq0sxei	2025-11-10 07:30:00	2025-11-10 08:00:00	f
cmhsnbak90016vp7g6olmosfx	cmhsn71h9001evpu1zzq0sxei	2025-11-10 08:30:00	2025-11-10 09:00:00	f
cmhsnbak90018vp7gawztuai2	cmhsn71h9001evpu1zzq0sxei	2025-11-10 09:30:00	2025-11-10 10:00:00	f
cmhsnbak9001avp7goox38t9u	cmhsn71h9001evpu1zzq0sxei	2025-11-10 10:30:00	2025-11-10 11:00:00	f
cmhsnbak9001cvp7gu8s1vcyw	cmhsn6ytp0000vpu1yzlk4hq1	2025-11-11 03:30:00	2025-11-11 04:00:00	f
cmhsnbak9001evp7gv66flf8x	cmhsn6ytp0000vpu1yzlk4hq1	2025-11-11 04:30:00	2025-11-11 05:00:00	f
cmhsnbak9001fvp7gnlj0tz0k	cmhsn6ytp0000vpu1yzlk4hq1	2025-11-11 05:00:00	2025-11-11 05:30:00	f
cmhsnbak9001gvp7gqp84438n	cmhsn6ytp0000vpu1yzlk4hq1	2025-11-11 05:30:00	2025-11-11 06:00:00	f
cmhsnbak9001hvp7gojpi1hl6	cmhsn6ytp0000vpu1yzlk4hq1	2025-11-11 06:00:00	2025-11-11 06:30:00	f
cmhsnbak9001ivp7grqyx0hxs	cmhsn6ytp0000vpu1yzlk4hq1	2025-11-11 06:30:00	2025-11-11 07:00:00	f
cmhsnbak9001jvp7gfhxglb1e	cmhsn6ytp0000vpu1yzlk4hq1	2025-11-11 07:00:00	2025-11-11 07:30:00	f
cmhsnbak9001kvp7gev9u5dm0	cmhsn6ytp0000vpu1yzlk4hq1	2025-11-11 07:30:00	2025-11-11 08:00:00	f
cmhsnbak9001lvp7gd386erkc	cmhsn6ytp0000vpu1yzlk4hq1	2025-11-11 08:00:00	2025-11-11 08:30:00	f
cmhsnbak9001mvp7gvbxpfe0l	cmhsn6ytp0000vpu1yzlk4hq1	2025-11-11 08:30:00	2025-11-11 09:00:00	f
cmhsnbak9001nvp7g4us71o20	cmhsn6ytp0000vpu1yzlk4hq1	2025-11-11 09:00:00	2025-11-11 09:30:00	f
cmhsnbak9001ovp7g656fuwbp	cmhsn6ytp0000vpu1yzlk4hq1	2025-11-11 09:30:00	2025-11-11 10:00:00	f
cmhsnbak9001pvp7g52mwlvs9	cmhsn6ytp0000vpu1yzlk4hq1	2025-11-11 10:00:00	2025-11-11 10:30:00	f
cmhsnbak9001qvp7gvwo1k0lr	cmhsn6ytp0000vpu1yzlk4hq1	2025-11-11 10:30:00	2025-11-11 11:00:00	f
cmhsnbak9001rvp7g9f3pmbnv	cmhsn6ytp0000vpu1yzlk4hq1	2025-11-11 11:00:00	2025-11-11 11:30:00	f
cmhsnbak9001svp7g5lgkyamy	cmhsn70fj000pvpu10pqgvfy0	2025-11-11 03:30:00	2025-11-11 04:00:00	f
cmhsnbak9001uvp7g2i9cpq11	cmhsn70fj000pvpu10pqgvfy0	2025-11-11 04:30:00	2025-11-11 05:00:00	f
cmhsnbak9001vvp7geqe54jmg	cmhsn70fj000pvpu10pqgvfy0	2025-11-11 05:00:00	2025-11-11 05:30:00	f
cmhsnbak9001wvp7gfqyf73qj	cmhsn70fj000pvpu10pqgvfy0	2025-11-11 05:30:00	2025-11-11 06:00:00	f
cmhsnbak9001xvp7gltf69jlx	cmhsn70fj000pvpu10pqgvfy0	2025-11-11 06:00:00	2025-11-11 06:30:00	f
cmhsnbak9001yvp7gxb5yjucz	cmhsn70fj000pvpu10pqgvfy0	2025-11-11 06:30:00	2025-11-11 07:00:00	f
cmhsnbak9001zvp7gqlx0qe9g	cmhsn70fj000pvpu10pqgvfy0	2025-11-11 07:00:00	2025-11-11 07:30:00	f
cmhsnbak90020vp7geph90x3x	cmhsn70fj000pvpu10pqgvfy0	2025-11-11 07:30:00	2025-11-11 08:00:00	f
cmhsnbak90021vp7gol2lkr9v	cmhsn70fj000pvpu10pqgvfy0	2025-11-11 08:00:00	2025-11-11 08:30:00	f
cmhsnbak90022vp7gawavj12k	cmhsn70fj000pvpu10pqgvfy0	2025-11-11 08:30:00	2025-11-11 09:00:00	f
cmhsnbak90023vp7gasni79mt	cmhsn70fj000pvpu10pqgvfy0	2025-11-11 09:00:00	2025-11-11 09:30:00	f
cmhsnbak90024vp7gp7ehrioz	cmhsn70fj000pvpu10pqgvfy0	2025-11-11 09:30:00	2025-11-11 10:00:00	f
cmhsnbak90025vp7gtdh144xn	cmhsn70fj000pvpu10pqgvfy0	2025-11-11 10:00:00	2025-11-11 10:30:00	f
cmhsnbak90026vp7g3wycnq7x	cmhsn70fj000pvpu10pqgvfy0	2025-11-11 10:30:00	2025-11-11 11:00:00	f
cmhsnbak90027vp7g5ers9rgy	cmhsn70fj000pvpu10pqgvfy0	2025-11-11 11:00:00	2025-11-11 11:30:00	f
cmhsnbak90028vp7gpkeftgw4	cmhsn71h9001evpu1zzq0sxei	2025-11-11 03:30:00	2025-11-11 04:00:00	f
cmhsnbak9002avp7g5q56si6c	cmhsn71h9001evpu1zzq0sxei	2025-11-11 04:30:00	2025-11-11 05:00:00	f
cmhsnbak9002bvp7gjs25965b	cmhsn71h9001evpu1zzq0sxei	2025-11-11 05:00:00	2025-11-11 05:30:00	f
cmhsnbak9002cvp7glqdlsf2q	cmhsn71h9001evpu1zzq0sxei	2025-11-11 05:30:00	2025-11-11 06:00:00	f
cmhsnbak9002dvp7grdgttmv8	cmhsn71h9001evpu1zzq0sxei	2025-11-11 06:00:00	2025-11-11 06:30:00	f
cmhsnbaka002evp7gcgoh7cdn	cmhsn71h9001evpu1zzq0sxei	2025-11-11 06:30:00	2025-11-11 07:00:00	f
cmhsnbaka002fvp7gwxjl24ge	cmhsn71h9001evpu1zzq0sxei	2025-11-11 07:00:00	2025-11-11 07:30:00	f
cmhsnbaka002gvp7gjgw16u2t	cmhsn71h9001evpu1zzq0sxei	2025-11-11 07:30:00	2025-11-11 08:00:00	f
cmhsnbaka002hvp7gmeiagfei	cmhsn71h9001evpu1zzq0sxei	2025-11-11 08:00:00	2025-11-11 08:30:00	f
cmhsnbaka002ivp7g15pfdrtg	cmhsn71h9001evpu1zzq0sxei	2025-11-11 08:30:00	2025-11-11 09:00:00	f
cmhsnbaka002jvp7gfirvzpxw	cmhsn71h9001evpu1zzq0sxei	2025-11-11 09:00:00	2025-11-11 09:30:00	f
cmhsnbaka002kvp7g5mqdkzu5	cmhsn71h9001evpu1zzq0sxei	2025-11-11 09:30:00	2025-11-11 10:00:00	f
cmhsnbaka002lvp7g27ebsj7t	cmhsn71h9001evpu1zzq0sxei	2025-11-11 10:00:00	2025-11-11 10:30:00	f
cmhsnbaka002mvp7gsjjfvr4r	cmhsn71h9001evpu1zzq0sxei	2025-11-11 10:30:00	2025-11-11 11:00:00	f
cmhsnbaka002nvp7gpdkq5r26	cmhsn71h9001evpu1zzq0sxei	2025-11-11 11:00:00	2025-11-11 11:30:00	f
cmhsnbaka002ovp7gtfeudm1n	cmhsn6ytp0000vpu1yzlk4hq1	2025-11-12 03:30:00	2025-11-12 04:00:00	f
cmhsnbaka002pvp7gmyk3dx46	cmhsn6ytp0000vpu1yzlk4hq1	2025-11-12 04:00:00	2025-11-12 04:30:00	f
cmhsnbaka002qvp7gi2h2j1mk	cmhsn6ytp0000vpu1yzlk4hq1	2025-11-12 04:30:00	2025-11-12 05:00:00	f
cmhsnbaka002rvp7gr71ndp13	cmhsn6ytp0000vpu1yzlk4hq1	2025-11-12 05:00:00	2025-11-12 05:30:00	f
cmhsnbaka002svp7gxt1zjpz2	cmhsn6ytp0000vpu1yzlk4hq1	2025-11-12 05:30:00	2025-11-12 06:00:00	f
cmhsnbaka002tvp7gl00tpnsi	cmhsn6ytp0000vpu1yzlk4hq1	2025-11-12 06:00:00	2025-11-12 06:30:00	f
cmhsnbak8000ivp7g49gmv84o	cmhsn70fj000pvpu10pqgvfy0	2025-11-10 04:30:00	2025-11-10 05:00:00	f
cmhsnbak8000hvp7gbzbtnseg	cmhsn70fj000pvpu10pqgvfy0	2025-11-10 04:00:00	2025-11-10 04:30:00	f
cmhsnbak9000xvp7g2atkg8v4	cmhsn71h9001evpu1zzq0sxei	2025-11-10 04:00:00	2025-11-10 04:30:00	f
cmhsnbaka002uvp7gi32ea2oi	cmhsn6ytp0000vpu1yzlk4hq1	2025-11-12 06:30:00	2025-11-12 07:00:00	f
cmhsnbaka002vvp7gabej6l5j	cmhsn6ytp0000vpu1yzlk4hq1	2025-11-12 07:00:00	2025-11-12 07:30:00	f
cmhsnbaka002wvp7gcczh3us7	cmhsn6ytp0000vpu1yzlk4hq1	2025-11-12 07:30:00	2025-11-12 08:00:00	f
cmhsnbaka002xvp7g7e724ywi	cmhsn6ytp0000vpu1yzlk4hq1	2025-11-12 08:00:00	2025-11-12 08:30:00	f
cmhsnbaka002yvp7ghswjqxtw	cmhsn6ytp0000vpu1yzlk4hq1	2025-11-12 08:30:00	2025-11-12 09:00:00	f
cmhsnbaka002zvp7gkbzwcery	cmhsn6ytp0000vpu1yzlk4hq1	2025-11-12 09:00:00	2025-11-12 09:30:00	f
cmhsnbaka0030vp7gk6iervno	cmhsn6ytp0000vpu1yzlk4hq1	2025-11-12 09:30:00	2025-11-12 10:00:00	f
cmhsnbaka0031vp7gkbx46ahe	cmhsn6ytp0000vpu1yzlk4hq1	2025-11-12 10:00:00	2025-11-12 10:30:00	f
cmhsnbaka0032vp7gargv8bsc	cmhsn6ytp0000vpu1yzlk4hq1	2025-11-12 10:30:00	2025-11-12 11:00:00	f
cmhsnbaka0033vp7gs0w1o6ko	cmhsn6ytp0000vpu1yzlk4hq1	2025-11-12 11:00:00	2025-11-12 11:30:00	f
cmhsnbaka0034vp7gmzdvzru5	cmhsn70fj000pvpu10pqgvfy0	2025-11-12 03:30:00	2025-11-12 04:00:00	f
cmhsnbaka0035vp7gn9os3hat	cmhsn70fj000pvpu10pqgvfy0	2025-11-12 04:00:00	2025-11-12 04:30:00	f
cmhsnbaka0036vp7gyc846220	cmhsn70fj000pvpu10pqgvfy0	2025-11-12 04:30:00	2025-11-12 05:00:00	f
cmhsnbaka0037vp7g3ylkoywk	cmhsn70fj000pvpu10pqgvfy0	2025-11-12 05:00:00	2025-11-12 05:30:00	f
cmhsnbaka0038vp7gmuhp5nld	cmhsn70fj000pvpu10pqgvfy0	2025-11-12 05:30:00	2025-11-12 06:00:00	f
cmhsnbaka0039vp7g4madi4eq	cmhsn70fj000pvpu10pqgvfy0	2025-11-12 06:00:00	2025-11-12 06:30:00	f
cmhsnbaka003avp7gwd104o9k	cmhsn70fj000pvpu10pqgvfy0	2025-11-12 06:30:00	2025-11-12 07:00:00	f
cmhsnbaka003bvp7gecfd83jv	cmhsn70fj000pvpu10pqgvfy0	2025-11-12 07:00:00	2025-11-12 07:30:00	f
cmhsnbaka003cvp7gzhh6kra8	cmhsn70fj000pvpu10pqgvfy0	2025-11-12 07:30:00	2025-11-12 08:00:00	f
cmhsnbaka003dvp7ga2eenknb	cmhsn70fj000pvpu10pqgvfy0	2025-11-12 08:00:00	2025-11-12 08:30:00	f
cmhsnbaka003evp7ga6427vv8	cmhsn70fj000pvpu10pqgvfy0	2025-11-12 08:30:00	2025-11-12 09:00:00	f
cmhsnbaka003fvp7gpe8gt7jf	cmhsn70fj000pvpu10pqgvfy0	2025-11-12 09:00:00	2025-11-12 09:30:00	f
cmhsnbaka003gvp7g4p3d7mhi	cmhsn70fj000pvpu10pqgvfy0	2025-11-12 09:30:00	2025-11-12 10:00:00	f
cmhsnbaka003hvp7g1qjkkahu	cmhsn70fj000pvpu10pqgvfy0	2025-11-12 10:00:00	2025-11-12 10:30:00	f
cmhsnbaka003ivp7g390rf7iv	cmhsn70fj000pvpu10pqgvfy0	2025-11-12 10:30:00	2025-11-12 11:00:00	f
cmhsnbaka003jvp7gax8hvnvx	cmhsn70fj000pvpu10pqgvfy0	2025-11-12 11:00:00	2025-11-12 11:30:00	f
cmhsnbaka003kvp7gyq2iaufh	cmhsn71h9001evpu1zzq0sxei	2025-11-12 03:30:00	2025-11-12 04:00:00	f
cmhsnbaka003lvp7g3jkhy9lr	cmhsn71h9001evpu1zzq0sxei	2025-11-12 04:00:00	2025-11-12 04:30:00	f
cmhsnbaka003mvp7gahpt2f4e	cmhsn71h9001evpu1zzq0sxei	2025-11-12 04:30:00	2025-11-12 05:00:00	f
cmhsnbaka003nvp7gzd4sj8xn	cmhsn71h9001evpu1zzq0sxei	2025-11-12 05:00:00	2025-11-12 05:30:00	f
cmhsnbaka003ovp7gyay57cek	cmhsn71h9001evpu1zzq0sxei	2025-11-12 05:30:00	2025-11-12 06:00:00	f
cmhsnbaka003pvp7gs12obfpo	cmhsn71h9001evpu1zzq0sxei	2025-11-12 06:00:00	2025-11-12 06:30:00	f
cmhsnbaka003qvp7glh3v1hdh	cmhsn71h9001evpu1zzq0sxei	2025-11-12 06:30:00	2025-11-12 07:00:00	f
cmhsnbaka003rvp7gubt5d4pw	cmhsn71h9001evpu1zzq0sxei	2025-11-12 07:00:00	2025-11-12 07:30:00	f
cmhsnbaka003svp7gjsrg61un	cmhsn71h9001evpu1zzq0sxei	2025-11-12 07:30:00	2025-11-12 08:00:00	f
cmhsnbaka003tvp7go4r4y6ai	cmhsn71h9001evpu1zzq0sxei	2025-11-12 08:00:00	2025-11-12 08:30:00	f
cmhsnbaka003uvp7gigm47gdf	cmhsn71h9001evpu1zzq0sxei	2025-11-12 08:30:00	2025-11-12 09:00:00	f
cmhsnbaka003vvp7gedoedh2u	cmhsn71h9001evpu1zzq0sxei	2025-11-12 09:00:00	2025-11-12 09:30:00	f
cmhsnbaka003wvp7gxu3zamfl	cmhsn71h9001evpu1zzq0sxei	2025-11-12 09:30:00	2025-11-12 10:00:00	f
cmhsnbakb003xvp7grbnkw853	cmhsn71h9001evpu1zzq0sxei	2025-11-12 10:00:00	2025-11-12 10:30:00	f
cmhsnbakb003yvp7gtgpbp7yv	cmhsn71h9001evpu1zzq0sxei	2025-11-12 10:30:00	2025-11-12 11:00:00	f
cmhsnbakb003zvp7go5uz1bk3	cmhsn71h9001evpu1zzq0sxei	2025-11-12 11:00:00	2025-11-12 11:30:00	f
cmhsnbakb0040vp7gn29pik6f	cmhsn6ytp0000vpu1yzlk4hq1	2025-11-13 03:30:00	2025-11-13 04:00:00	f
cmhsnbakb0041vp7gnr7d0gzs	cmhsn6ytp0000vpu1yzlk4hq1	2025-11-13 04:00:00	2025-11-13 04:30:00	f
cmhsnbakb0042vp7g5361yo78	cmhsn6ytp0000vpu1yzlk4hq1	2025-11-13 04:30:00	2025-11-13 05:00:00	f
cmhsnbakb0043vp7gvw7kg39u	cmhsn6ytp0000vpu1yzlk4hq1	2025-11-13 05:00:00	2025-11-13 05:30:00	f
cmhsnbakb0044vp7g46i7a6zh	cmhsn6ytp0000vpu1yzlk4hq1	2025-11-13 05:30:00	2025-11-13 06:00:00	f
cmhsnbakb0045vp7gnwiqw7f0	cmhsn6ytp0000vpu1yzlk4hq1	2025-11-13 06:00:00	2025-11-13 06:30:00	f
cmhsnbakb0046vp7gu52h2hzw	cmhsn6ytp0000vpu1yzlk4hq1	2025-11-13 06:30:00	2025-11-13 07:00:00	f
cmhsnbakb0047vp7gb26evnmh	cmhsn6ytp0000vpu1yzlk4hq1	2025-11-13 07:00:00	2025-11-13 07:30:00	f
cmhsnbakb0048vp7gy9hfbhp8	cmhsn6ytp0000vpu1yzlk4hq1	2025-11-13 07:30:00	2025-11-13 08:00:00	f
cmhsnbakb0049vp7gtdpbm9ju	cmhsn6ytp0000vpu1yzlk4hq1	2025-11-13 08:00:00	2025-11-13 08:30:00	f
cmhsnbakb004bvp7gx34ss33u	cmhsn6ytp0000vpu1yzlk4hq1	2025-11-13 09:00:00	2025-11-13 09:30:00	f
cmhsnbakb004cvp7grao8m006	cmhsn6ytp0000vpu1yzlk4hq1	2025-11-13 09:30:00	2025-11-13 10:00:00	f
cmhsnbakb004dvp7g4j5msdmn	cmhsn6ytp0000vpu1yzlk4hq1	2025-11-13 10:00:00	2025-11-13 10:30:00	f
cmhsnbakb004evp7g6esikwc9	cmhsn6ytp0000vpu1yzlk4hq1	2025-11-13 10:30:00	2025-11-13 11:00:00	f
cmhsnbakb004fvp7gdfynikc2	cmhsn6ytp0000vpu1yzlk4hq1	2025-11-13 11:00:00	2025-11-13 11:30:00	f
cmhsnbakb004gvp7g7ga62gdr	cmhsn70fj000pvpu10pqgvfy0	2025-11-13 03:30:00	2025-11-13 04:00:00	f
cmhsnbakb004hvp7gnel8w3qo	cmhsn70fj000pvpu10pqgvfy0	2025-11-13 04:00:00	2025-11-13 04:30:00	f
cmhsnbakb004ivp7ggccfp1hi	cmhsn70fj000pvpu10pqgvfy0	2025-11-13 04:30:00	2025-11-13 05:00:00	f
cmhsnbakb004jvp7girrqzh0j	cmhsn70fj000pvpu10pqgvfy0	2025-11-13 05:00:00	2025-11-13 05:30:00	f
cmhsnbakb004kvp7gjquf26vd	cmhsn70fj000pvpu10pqgvfy0	2025-11-13 05:30:00	2025-11-13 06:00:00	f
cmhsnbakb004lvp7gdagn1595	cmhsn70fj000pvpu10pqgvfy0	2025-11-13 06:00:00	2025-11-13 06:30:00	f
cmhsnbakb004mvp7gi4m1bl1u	cmhsn70fj000pvpu10pqgvfy0	2025-11-13 06:30:00	2025-11-13 07:00:00	f
cmhsnbakb004nvp7gp8lm65ma	cmhsn70fj000pvpu10pqgvfy0	2025-11-13 07:00:00	2025-11-13 07:30:00	f
cmhsnbakb004ovp7gg2qztacn	cmhsn70fj000pvpu10pqgvfy0	2025-11-13 07:30:00	2025-11-13 08:00:00	f
cmhsnbakb004pvp7g7p6gaig9	cmhsn70fj000pvpu10pqgvfy0	2025-11-13 08:00:00	2025-11-13 08:30:00	f
cmhsnbakb004qvp7gw73bhwvb	cmhsn70fj000pvpu10pqgvfy0	2025-11-13 08:30:00	2025-11-13 09:00:00	f
cmhsnbakb004rvp7g9xkcz9xt	cmhsn70fj000pvpu10pqgvfy0	2025-11-13 09:00:00	2025-11-13 09:30:00	f
cmhsnbakb004svp7gazg2wpoh	cmhsn70fj000pvpu10pqgvfy0	2025-11-13 09:30:00	2025-11-13 10:00:00	f
cmhsnbakb004tvp7gegswqr3g	cmhsn70fj000pvpu10pqgvfy0	2025-11-13 10:00:00	2025-11-13 10:30:00	f
cmhsnbakb004uvp7gqh6r3w40	cmhsn70fj000pvpu10pqgvfy0	2025-11-13 10:30:00	2025-11-13 11:00:00	f
cmhsnbakb004vvp7g6x75bowm	cmhsn70fj000pvpu10pqgvfy0	2025-11-13 11:00:00	2025-11-13 11:30:00	f
cmhsnbakb004wvp7gfmr108ao	cmhsn71h9001evpu1zzq0sxei	2025-11-13 03:30:00	2025-11-13 04:00:00	f
cmhsnbakb004xvp7g6z4pnex5	cmhsn71h9001evpu1zzq0sxei	2025-11-13 04:00:00	2025-11-13 04:30:00	f
cmhsnbakb004yvp7gg8vzz41t	cmhsn71h9001evpu1zzq0sxei	2025-11-13 04:30:00	2025-11-13 05:00:00	f
cmhsnbakb004zvp7ganicvlbb	cmhsn71h9001evpu1zzq0sxei	2025-11-13 05:00:00	2025-11-13 05:30:00	f
cmhsnbakb0050vp7gr86bqq7o	cmhsn71h9001evpu1zzq0sxei	2025-11-13 05:30:00	2025-11-13 06:00:00	f
cmhsnbakb0051vp7g6ffcyi34	cmhsn71h9001evpu1zzq0sxei	2025-11-13 06:00:00	2025-11-13 06:30:00	f
cmhsnbakb0052vp7gx7rody75	cmhsn71h9001evpu1zzq0sxei	2025-11-13 06:30:00	2025-11-13 07:00:00	f
cmhsnbakb0053vp7g7hqdqnib	cmhsn71h9001evpu1zzq0sxei	2025-11-13 07:00:00	2025-11-13 07:30:00	f
cmhsnbakb0054vp7ge7edalen	cmhsn71h9001evpu1zzq0sxei	2025-11-13 07:30:00	2025-11-13 08:00:00	f
cmhsnbakb0055vp7g5bw0cuvn	cmhsn71h9001evpu1zzq0sxei	2025-11-13 08:00:00	2025-11-13 08:30:00	f
cmhsnbakb0056vp7gi1v0ixns	cmhsn71h9001evpu1zzq0sxei	2025-11-13 08:30:00	2025-11-13 09:00:00	f
cmhsnbakb0057vp7gfrm828ci	cmhsn71h9001evpu1zzq0sxei	2025-11-13 09:00:00	2025-11-13 09:30:00	f
cmhsnbakb0058vp7ghlwalxso	cmhsn71h9001evpu1zzq0sxei	2025-11-13 09:30:00	2025-11-13 10:00:00	f
cmhsnbakb0059vp7gx4hlqkzx	cmhsn71h9001evpu1zzq0sxei	2025-11-13 10:00:00	2025-11-13 10:30:00	f
cmhsnbakb005avp7g660wkevj	cmhsn71h9001evpu1zzq0sxei	2025-11-13 10:30:00	2025-11-13 11:00:00	f
cmhsnbakb005bvp7gwy4xw3lz	cmhsn71h9001evpu1zzq0sxei	2025-11-13 11:00:00	2025-11-13 11:30:00	f
cmhsnbakb005cvp7gzq1q75ui	cmhsn6ytp0000vpu1yzlk4hq1	2025-11-14 03:30:00	2025-11-14 04:00:00	f
cmhsnbakb005dvp7g0c3a3f7l	cmhsn6ytp0000vpu1yzlk4hq1	2025-11-14 04:00:00	2025-11-14 04:30:00	f
cmhsnbakb005evp7gy2sd97p3	cmhsn6ytp0000vpu1yzlk4hq1	2025-11-14 04:30:00	2025-11-14 05:00:00	f
cmhsnbakb005fvp7gldf9rc0a	cmhsn6ytp0000vpu1yzlk4hq1	2025-11-14 05:00:00	2025-11-14 05:30:00	f
cmhsnbakb005gvp7gpcopzanj	cmhsn6ytp0000vpu1yzlk4hq1	2025-11-14 05:30:00	2025-11-14 06:00:00	f
cmhsnbakc005hvp7gh6m8rncw	cmhsn6ytp0000vpu1yzlk4hq1	2025-11-14 06:00:00	2025-11-14 06:30:00	f
cmhsnbakc005ivp7gfvyoxizt	cmhsn6ytp0000vpu1yzlk4hq1	2025-11-14 06:30:00	2025-11-14 07:00:00	f
cmhsnbakc005jvp7gvy6lpk7r	cmhsn6ytp0000vpu1yzlk4hq1	2025-11-14 07:00:00	2025-11-14 07:30:00	f
cmhsnbakc005kvp7gjtwm9khy	cmhsn6ytp0000vpu1yzlk4hq1	2025-11-14 07:30:00	2025-11-14 08:00:00	f
cmhsnbakc005lvp7gllvtvs1z	cmhsn6ytp0000vpu1yzlk4hq1	2025-11-14 08:00:00	2025-11-14 08:30:00	f
cmhsnbakc005mvp7gl4a8f0gy	cmhsn6ytp0000vpu1yzlk4hq1	2025-11-14 08:30:00	2025-11-14 09:00:00	f
cmhsnbakc005nvp7gnlmjbygg	cmhsn6ytp0000vpu1yzlk4hq1	2025-11-14 09:00:00	2025-11-14 09:30:00	f
cmhsnbakc005ovp7gj0mkt9qq	cmhsn6ytp0000vpu1yzlk4hq1	2025-11-14 09:30:00	2025-11-14 10:00:00	f
cmhsnbakc005pvp7g3uux8d9p	cmhsn6ytp0000vpu1yzlk4hq1	2025-11-14 10:00:00	2025-11-14 10:30:00	f
cmhsnbakc005qvp7g69gaozd2	cmhsn6ytp0000vpu1yzlk4hq1	2025-11-14 10:30:00	2025-11-14 11:00:00	f
cmhsnbakc005rvp7g2qcjadsy	cmhsn6ytp0000vpu1yzlk4hq1	2025-11-14 11:00:00	2025-11-14 11:30:00	f
cmhsnbakc005svp7gnew870w0	cmhsn70fj000pvpu10pqgvfy0	2025-11-14 03:30:00	2025-11-14 04:00:00	f
cmhsnbakc005tvp7g0doeov2e	cmhsn70fj000pvpu10pqgvfy0	2025-11-14 04:00:00	2025-11-14 04:30:00	f
cmhsnbakc005uvp7ge829qa4f	cmhsn70fj000pvpu10pqgvfy0	2025-11-14 04:30:00	2025-11-14 05:00:00	f
cmhsnbakc005vvp7g482070ue	cmhsn70fj000pvpu10pqgvfy0	2025-11-14 05:00:00	2025-11-14 05:30:00	f
cmhsnbakc005wvp7go14fsrld	cmhsn70fj000pvpu10pqgvfy0	2025-11-14 05:30:00	2025-11-14 06:00:00	f
cmhsnbakc005xvp7g59ervpg4	cmhsn70fj000pvpu10pqgvfy0	2025-11-14 06:00:00	2025-11-14 06:30:00	f
cmhsnbakc005yvp7ghq8c6r0x	cmhsn70fj000pvpu10pqgvfy0	2025-11-14 06:30:00	2025-11-14 07:00:00	f
cmhsnbakc005zvp7g6sl8hdrk	cmhsn70fj000pvpu10pqgvfy0	2025-11-14 07:00:00	2025-11-14 07:30:00	f
cmhsnbakc0060vp7gd0eqfhbj	cmhsn70fj000pvpu10pqgvfy0	2025-11-14 07:30:00	2025-11-14 08:00:00	f
cmhsnbakc0061vp7g0yb6qs3j	cmhsn70fj000pvpu10pqgvfy0	2025-11-14 08:00:00	2025-11-14 08:30:00	f
cmhsnbakc0062vp7gxqabd6s3	cmhsn70fj000pvpu10pqgvfy0	2025-11-14 08:30:00	2025-11-14 09:00:00	f
cmhsnbakc0063vp7gq8hkpaad	cmhsn70fj000pvpu10pqgvfy0	2025-11-14 09:00:00	2025-11-14 09:30:00	f
cmhsnbakc0064vp7gde42899u	cmhsn70fj000pvpu10pqgvfy0	2025-11-14 09:30:00	2025-11-14 10:00:00	f
cmhsnbakc0065vp7gw45z65dy	cmhsn70fj000pvpu10pqgvfy0	2025-11-14 10:00:00	2025-11-14 10:30:00	f
cmhsnbakc0066vp7gxko3c454	cmhsn70fj000pvpu10pqgvfy0	2025-11-14 10:30:00	2025-11-14 11:00:00	f
cmhsnbakc0067vp7ge9n6s5gw	cmhsn70fj000pvpu10pqgvfy0	2025-11-14 11:00:00	2025-11-14 11:30:00	f
cmhsnbakc0068vp7gfw5vywu7	cmhsn71h9001evpu1zzq0sxei	2025-11-14 03:30:00	2025-11-14 04:00:00	f
cmhsnbakc0069vp7g4pd6fzlz	cmhsn71h9001evpu1zzq0sxei	2025-11-14 04:00:00	2025-11-14 04:30:00	f
cmhsnbakc006avp7ga9tctz55	cmhsn71h9001evpu1zzq0sxei	2025-11-14 04:30:00	2025-11-14 05:00:00	f
cmhsnbakc006bvp7g1h7t1y84	cmhsn71h9001evpu1zzq0sxei	2025-11-14 05:00:00	2025-11-14 05:30:00	f
cmhsnbakc006cvp7gudaj69ye	cmhsn71h9001evpu1zzq0sxei	2025-11-14 05:30:00	2025-11-14 06:00:00	f
cmhsnbakc006dvp7g3srol8da	cmhsn71h9001evpu1zzq0sxei	2025-11-14 06:00:00	2025-11-14 06:30:00	f
cmhsnbakc006evp7g7411ltn2	cmhsn71h9001evpu1zzq0sxei	2025-11-14 06:30:00	2025-11-14 07:00:00	f
cmhsnbakc006fvp7gglgd7q7c	cmhsn71h9001evpu1zzq0sxei	2025-11-14 07:00:00	2025-11-14 07:30:00	f
cmhsnbakc006gvp7goyaqv9ih	cmhsn71h9001evpu1zzq0sxei	2025-11-14 07:30:00	2025-11-14 08:00:00	f
cmhsnbakc006hvp7g213x4pud	cmhsn71h9001evpu1zzq0sxei	2025-11-14 08:00:00	2025-11-14 08:30:00	f
cmhsnbakc006ivp7gfz329g64	cmhsn71h9001evpu1zzq0sxei	2025-11-14 08:30:00	2025-11-14 09:00:00	f
cmhsnbakc006jvp7gg6e722n5	cmhsn71h9001evpu1zzq0sxei	2025-11-14 09:00:00	2025-11-14 09:30:00	f
cmhsnbakc006kvp7g0pdbs155	cmhsn71h9001evpu1zzq0sxei	2025-11-14 09:30:00	2025-11-14 10:00:00	f
cmhsnbakc006lvp7gzg0rbznn	cmhsn71h9001evpu1zzq0sxei	2025-11-14 10:00:00	2025-11-14 10:30:00	f
cmhsnbakc006mvp7gz2g2rwrh	cmhsn71h9001evpu1zzq0sxei	2025-11-14 10:30:00	2025-11-14 11:00:00	f
cmhsnbakc006nvp7gxt8ofo0g	cmhsn71h9001evpu1zzq0sxei	2025-11-14 11:00:00	2025-11-14 11:30:00	f
cmhsnbakc006ovp7gopwkgc50	cmhsn6ytp0000vpu1yzlk4hq1	2025-11-15 03:30:00	2025-11-15 04:00:00	f
cmhsnbakc006pvp7g4sbcz4hd	cmhsn6ytp0000vpu1yzlk4hq1	2025-11-15 04:00:00	2025-11-15 04:30:00	f
cmhsnbakc006qvp7gvchhcdk2	cmhsn6ytp0000vpu1yzlk4hq1	2025-11-15 04:30:00	2025-11-15 05:00:00	f
cmhsnbakc006rvp7go3c80i0x	cmhsn6ytp0000vpu1yzlk4hq1	2025-11-15 05:00:00	2025-11-15 05:30:00	f
cmhsnbakc006svp7gjf7uafbd	cmhsn6ytp0000vpu1yzlk4hq1	2025-11-15 05:30:00	2025-11-15 06:00:00	f
cmhsnbakc006tvp7gc2c824o2	cmhsn6ytp0000vpu1yzlk4hq1	2025-11-15 06:00:00	2025-11-15 06:30:00	f
cmhsnbakc006uvp7gzk60e66i	cmhsn6ytp0000vpu1yzlk4hq1	2025-11-15 06:30:00	2025-11-15 07:00:00	f
cmhsnbakc006vvp7g1hwwk0fn	cmhsn6ytp0000vpu1yzlk4hq1	2025-11-15 07:00:00	2025-11-15 07:30:00	f
cmhsnbakc006wvp7g60p3gaia	cmhsn6ytp0000vpu1yzlk4hq1	2025-11-15 07:30:00	2025-11-15 08:00:00	f
cmhsnbakc006xvp7gf8gvc0nc	cmhsn6ytp0000vpu1yzlk4hq1	2025-11-15 08:00:00	2025-11-15 08:30:00	f
cmhsnbakc006yvp7ggqdd9scc	cmhsn6ytp0000vpu1yzlk4hq1	2025-11-15 08:30:00	2025-11-15 09:00:00	f
cmhsnbakd006zvp7gs5g1fop4	cmhsn6ytp0000vpu1yzlk4hq1	2025-11-15 09:00:00	2025-11-15 09:30:00	f
cmhsnbakd0070vp7gsvst0qi0	cmhsn6ytp0000vpu1yzlk4hq1	2025-11-15 09:30:00	2025-11-15 10:00:00	f
cmhsnbakd0071vp7g2lffvk7y	cmhsn6ytp0000vpu1yzlk4hq1	2025-11-15 10:00:00	2025-11-15 10:30:00	f
cmhsnbakd0072vp7gq7oyqx2i	cmhsn6ytp0000vpu1yzlk4hq1	2025-11-15 10:30:00	2025-11-15 11:00:00	f
cmhsnbakd0073vp7ggz1kwu3u	cmhsn6ytp0000vpu1yzlk4hq1	2025-11-15 11:00:00	2025-11-15 11:30:00	f
cmhsnbakd0074vp7gakn14nbn	cmhsn70fj000pvpu10pqgvfy0	2025-11-15 03:30:00	2025-11-15 04:00:00	f
cmhsnbakd0075vp7gy2xyslzt	cmhsn70fj000pvpu10pqgvfy0	2025-11-15 04:00:00	2025-11-15 04:30:00	f
cmhsnbakd0076vp7gkeib9yu0	cmhsn70fj000pvpu10pqgvfy0	2025-11-15 04:30:00	2025-11-15 05:00:00	f
cmhsnbakd0077vp7gqxgisc74	cmhsn70fj000pvpu10pqgvfy0	2025-11-15 05:00:00	2025-11-15 05:30:00	f
cmhsnbakd0078vp7gy3ktawbj	cmhsn70fj000pvpu10pqgvfy0	2025-11-15 05:30:00	2025-11-15 06:00:00	f
cmhsnbakd0079vp7goia2c2y8	cmhsn70fj000pvpu10pqgvfy0	2025-11-15 06:00:00	2025-11-15 06:30:00	f
cmhsnbakd007avp7g5ih3fc7t	cmhsn70fj000pvpu10pqgvfy0	2025-11-15 06:30:00	2025-11-15 07:00:00	f
cmhsnbakd007bvp7gtikp1f50	cmhsn70fj000pvpu10pqgvfy0	2025-11-15 07:00:00	2025-11-15 07:30:00	f
cmhsnbakd007cvp7g4b0uei01	cmhsn70fj000pvpu10pqgvfy0	2025-11-15 07:30:00	2025-11-15 08:00:00	f
cmhsnbakd007dvp7g576zhbzt	cmhsn70fj000pvpu10pqgvfy0	2025-11-15 08:00:00	2025-11-15 08:30:00	f
cmhsnbakd007evp7g83gcuyy4	cmhsn70fj000pvpu10pqgvfy0	2025-11-15 08:30:00	2025-11-15 09:00:00	f
cmhsnbakd007fvp7gxc5c95qy	cmhsn70fj000pvpu10pqgvfy0	2025-11-15 09:00:00	2025-11-15 09:30:00	f
cmhsnbakd007gvp7gjcsyt8k4	cmhsn70fj000pvpu10pqgvfy0	2025-11-15 09:30:00	2025-11-15 10:00:00	f
cmhsnbakd007hvp7gxtt95z50	cmhsn70fj000pvpu10pqgvfy0	2025-11-15 10:00:00	2025-11-15 10:30:00	f
cmhsnbakd007ivp7gigmfctml	cmhsn70fj000pvpu10pqgvfy0	2025-11-15 10:30:00	2025-11-15 11:00:00	f
cmhsnbakd007jvp7go8tzowtv	cmhsn70fj000pvpu10pqgvfy0	2025-11-15 11:00:00	2025-11-15 11:30:00	f
cmhsnbakd007kvp7g99d3bpat	cmhsn71h9001evpu1zzq0sxei	2025-11-15 03:30:00	2025-11-15 04:00:00	f
cmhsnbakd007lvp7giwh49qc0	cmhsn71h9001evpu1zzq0sxei	2025-11-15 04:00:00	2025-11-15 04:30:00	f
cmhsnbakd007mvp7g4kc821yc	cmhsn71h9001evpu1zzq0sxei	2025-11-15 04:30:00	2025-11-15 05:00:00	f
cmhsnbakd007nvp7gn7875n6z	cmhsn71h9001evpu1zzq0sxei	2025-11-15 05:00:00	2025-11-15 05:30:00	f
cmhsnbakd007ovp7gfx1225rg	cmhsn71h9001evpu1zzq0sxei	2025-11-15 05:30:00	2025-11-15 06:00:00	f
cmhsnbakd007pvp7geu2amh2t	cmhsn71h9001evpu1zzq0sxei	2025-11-15 06:00:00	2025-11-15 06:30:00	f
cmhsnbakd007qvp7gyddrupv4	cmhsn71h9001evpu1zzq0sxei	2025-11-15 06:30:00	2025-11-15 07:00:00	f
cmhsnbakd007rvp7g1ewpdhhg	cmhsn71h9001evpu1zzq0sxei	2025-11-15 07:00:00	2025-11-15 07:30:00	f
cmhsnbakd007svp7g2qyt0hke	cmhsn71h9001evpu1zzq0sxei	2025-11-15 07:30:00	2025-11-15 08:00:00	f
cmhsnbakd007tvp7gkesoqkka	cmhsn71h9001evpu1zzq0sxei	2025-11-15 08:00:00	2025-11-15 08:30:00	f
cmhsnbakd007uvp7geuqbegzw	cmhsn71h9001evpu1zzq0sxei	2025-11-15 08:30:00	2025-11-15 09:00:00	f
cmhsnbakd007vvp7g73oqtrwy	cmhsn71h9001evpu1zzq0sxei	2025-11-15 09:00:00	2025-11-15 09:30:00	f
cmhsnbakd007wvp7gb0582og5	cmhsn71h9001evpu1zzq0sxei	2025-11-15 09:30:00	2025-11-15 10:00:00	f
cmhsnbakd007xvp7gvwvjyhhg	cmhsn71h9001evpu1zzq0sxei	2025-11-15 10:00:00	2025-11-15 10:30:00	f
cmhsnbakd007yvp7ggttit1zd	cmhsn71h9001evpu1zzq0sxei	2025-11-15 10:30:00	2025-11-15 11:00:00	f
cmhsnbakd007zvp7gf2omeojf	cmhsn71h9001evpu1zzq0sxei	2025-11-15 11:00:00	2025-11-15 11:30:00	f
cmhsnbakd0080vp7ggmnj6uxn	cmhsn6ytp0000vpu1yzlk4hq1	2025-11-17 03:30:00	2025-11-17 04:00:00	f
cmhsnbakd0081vp7gi7z39hpm	cmhsn6ytp0000vpu1yzlk4hq1	2025-11-17 04:00:00	2025-11-17 04:30:00	f
cmhsnbakd0082vp7g463v2l7i	cmhsn6ytp0000vpu1yzlk4hq1	2025-11-17 04:30:00	2025-11-17 05:00:00	f
cmhsnbakd0083vp7gb28ayup5	cmhsn6ytp0000vpu1yzlk4hq1	2025-11-17 05:00:00	2025-11-17 05:30:00	f
cmhsnbakd0084vp7gsgebqabm	cmhsn6ytp0000vpu1yzlk4hq1	2025-11-17 05:30:00	2025-11-17 06:00:00	f
cmhsnbakd0085vp7gzir7tytx	cmhsn6ytp0000vpu1yzlk4hq1	2025-11-17 06:00:00	2025-11-17 06:30:00	f
cmhsnbakd0086vp7gb1ztwqjf	cmhsn6ytp0000vpu1yzlk4hq1	2025-11-17 06:30:00	2025-11-17 07:00:00	f
cmhsnbakd0087vp7grygt5vbp	cmhsn6ytp0000vpu1yzlk4hq1	2025-11-17 07:00:00	2025-11-17 07:30:00	f
cmhsnbakd0088vp7gjx193mhu	cmhsn6ytp0000vpu1yzlk4hq1	2025-11-17 07:30:00	2025-11-17 08:00:00	f
cmhsnbakd0089vp7gv65z2pfd	cmhsn6ytp0000vpu1yzlk4hq1	2025-11-17 08:00:00	2025-11-17 08:30:00	f
cmhsnbakd008avp7gvdddga1j	cmhsn6ytp0000vpu1yzlk4hq1	2025-11-17 08:30:00	2025-11-17 09:00:00	f
cmhsnbake008bvp7gvz08juu8	cmhsn6ytp0000vpu1yzlk4hq1	2025-11-17 09:00:00	2025-11-17 09:30:00	f
cmhsnbake008cvp7g54cs0cpu	cmhsn6ytp0000vpu1yzlk4hq1	2025-11-17 09:30:00	2025-11-17 10:00:00	f
cmhsnbake008dvp7gbx87fey6	cmhsn6ytp0000vpu1yzlk4hq1	2025-11-17 10:00:00	2025-11-17 10:30:00	f
cmhsnbake008evp7gaf2aykzc	cmhsn6ytp0000vpu1yzlk4hq1	2025-11-17 10:30:00	2025-11-17 11:00:00	f
cmhsnbake008fvp7gkpitel3f	cmhsn6ytp0000vpu1yzlk4hq1	2025-11-17 11:00:00	2025-11-17 11:30:00	f
cmhsnbake008gvp7gg4m7w8p4	cmhsn70fj000pvpu10pqgvfy0	2025-11-17 03:30:00	2025-11-17 04:00:00	f
cmhsnbake008hvp7gc3elzp09	cmhsn70fj000pvpu10pqgvfy0	2025-11-17 04:00:00	2025-11-17 04:30:00	f
cmhsnbake008ivp7gyzsa5qx3	cmhsn70fj000pvpu10pqgvfy0	2025-11-17 04:30:00	2025-11-17 05:00:00	f
cmhsnbake008jvp7gbo2s90rd	cmhsn70fj000pvpu10pqgvfy0	2025-11-17 05:00:00	2025-11-17 05:30:00	f
cmhsnbake008kvp7g9f55kqmc	cmhsn70fj000pvpu10pqgvfy0	2025-11-17 05:30:00	2025-11-17 06:00:00	f
cmhsnbake008lvp7g6eimdkh2	cmhsn70fj000pvpu10pqgvfy0	2025-11-17 06:00:00	2025-11-17 06:30:00	f
cmhsnbake008mvp7goc2pqd39	cmhsn70fj000pvpu10pqgvfy0	2025-11-17 06:30:00	2025-11-17 07:00:00	f
cmhsnbake008nvp7gsteomldx	cmhsn70fj000pvpu10pqgvfy0	2025-11-17 07:00:00	2025-11-17 07:30:00	f
cmhsnbake008ovp7g6esah65c	cmhsn70fj000pvpu10pqgvfy0	2025-11-17 07:30:00	2025-11-17 08:00:00	f
cmhsnbake008pvp7gxa8j5v8d	cmhsn70fj000pvpu10pqgvfy0	2025-11-17 08:00:00	2025-11-17 08:30:00	f
cmhsnbake008qvp7gdm5q09o2	cmhsn70fj000pvpu10pqgvfy0	2025-11-17 08:30:00	2025-11-17 09:00:00	f
cmhsnbake008rvp7gs6chpo72	cmhsn70fj000pvpu10pqgvfy0	2025-11-17 09:00:00	2025-11-17 09:30:00	f
cmhsnbake008svp7g1j9u1j9j	cmhsn70fj000pvpu10pqgvfy0	2025-11-17 09:30:00	2025-11-17 10:00:00	f
cmhsnbake008tvp7geldtp8oj	cmhsn70fj000pvpu10pqgvfy0	2025-11-17 10:00:00	2025-11-17 10:30:00	f
cmhsnbake008uvp7gx8u9xync	cmhsn70fj000pvpu10pqgvfy0	2025-11-17 10:30:00	2025-11-17 11:00:00	f
cmhsnbake008vvp7g5o89md9n	cmhsn70fj000pvpu10pqgvfy0	2025-11-17 11:00:00	2025-11-17 11:30:00	f
cmhsnbake008wvp7g75iym30q	cmhsn71h9001evpu1zzq0sxei	2025-11-17 03:30:00	2025-11-17 04:00:00	f
cmhsnbake008xvp7gn1hhzi70	cmhsn71h9001evpu1zzq0sxei	2025-11-17 04:00:00	2025-11-17 04:30:00	f
cmhsnbake008yvp7gtg9qdc2e	cmhsn71h9001evpu1zzq0sxei	2025-11-17 04:30:00	2025-11-17 05:00:00	f
cmhsnbake008zvp7g5a4kni6o	cmhsn71h9001evpu1zzq0sxei	2025-11-17 05:00:00	2025-11-17 05:30:00	f
cmhsnbake0090vp7gng7729dr	cmhsn71h9001evpu1zzq0sxei	2025-11-17 05:30:00	2025-11-17 06:00:00	f
cmhsnbake0091vp7g4c5fffth	cmhsn71h9001evpu1zzq0sxei	2025-11-17 06:00:00	2025-11-17 06:30:00	f
cmhsnbake0092vp7g2loyi49a	cmhsn71h9001evpu1zzq0sxei	2025-11-17 06:30:00	2025-11-17 07:00:00	f
cmhsnbake0093vp7g6o382hv2	cmhsn71h9001evpu1zzq0sxei	2025-11-17 07:00:00	2025-11-17 07:30:00	f
cmhsnbake0094vp7givqekb8j	cmhsn71h9001evpu1zzq0sxei	2025-11-17 07:30:00	2025-11-17 08:00:00	f
cmhsnbake0095vp7g5fqo3s5m	cmhsn71h9001evpu1zzq0sxei	2025-11-17 08:00:00	2025-11-17 08:30:00	f
cmhsnbake0096vp7gpqmjewp7	cmhsn71h9001evpu1zzq0sxei	2025-11-17 08:30:00	2025-11-17 09:00:00	f
cmhsnbake0097vp7gty0g5lyd	cmhsn71h9001evpu1zzq0sxei	2025-11-17 09:00:00	2025-11-17 09:30:00	f
cmhsnbake0098vp7gv0w8xyjl	cmhsn71h9001evpu1zzq0sxei	2025-11-17 09:30:00	2025-11-17 10:00:00	f
cmhsnbake0099vp7gfpuifk6h	cmhsn71h9001evpu1zzq0sxei	2025-11-17 10:00:00	2025-11-17 10:30:00	f
cmhsnbake009avp7g6vr8qhg2	cmhsn71h9001evpu1zzq0sxei	2025-11-17 10:30:00	2025-11-17 11:00:00	f
cmhsnbake009bvp7gj4y1t9gy	cmhsn71h9001evpu1zzq0sxei	2025-11-17 11:00:00	2025-11-17 11:30:00	f
cmhsnbake009evp7gyuwpmx5b	cmhsn6ytp0000vpu1yzlk4hq1	2025-11-18 04:30:00	2025-11-18 05:00:00	f
cmhsnbake009fvp7gd8qnqlng	cmhsn6ytp0000vpu1yzlk4hq1	2025-11-18 05:00:00	2025-11-18 05:30:00	f
cmhsnbake009gvp7g1hsy0ant	cmhsn6ytp0000vpu1yzlk4hq1	2025-11-18 05:30:00	2025-11-18 06:00:00	f
cmhsnbake009hvp7gjzyoav7j	cmhsn6ytp0000vpu1yzlk4hq1	2025-11-18 06:00:00	2025-11-18 06:30:00	f
cmhsnbake009ivp7gidgdnaau	cmhsn6ytp0000vpu1yzlk4hq1	2025-11-18 06:30:00	2025-11-18 07:00:00	f
cmhsnbake009jvp7g09qf468s	cmhsn6ytp0000vpu1yzlk4hq1	2025-11-18 07:00:00	2025-11-18 07:30:00	f
cmhsnbake009kvp7gvr11tmoy	cmhsn6ytp0000vpu1yzlk4hq1	2025-11-18 07:30:00	2025-11-18 08:00:00	f
cmhsnbake009lvp7gmr9ricdp	cmhsn6ytp0000vpu1yzlk4hq1	2025-11-18 08:00:00	2025-11-18 08:30:00	f
cmhsnbake009mvp7gohy7q2dk	cmhsn6ytp0000vpu1yzlk4hq1	2025-11-18 08:30:00	2025-11-18 09:00:00	f
cmhsnbake009nvp7g266b40w6	cmhsn6ytp0000vpu1yzlk4hq1	2025-11-18 09:00:00	2025-11-18 09:30:00	f
cmhsnbake009ovp7g31kx1g3i	cmhsn6ytp0000vpu1yzlk4hq1	2025-11-18 09:30:00	2025-11-18 10:00:00	f
cmhsnbake009pvp7gzihnvqsg	cmhsn6ytp0000vpu1yzlk4hq1	2025-11-18 10:00:00	2025-11-18 10:30:00	f
cmhsnbake009qvp7g04f7hwy4	cmhsn6ytp0000vpu1yzlk4hq1	2025-11-18 10:30:00	2025-11-18 11:00:00	f
cmhsnbake009rvp7g572kzpdz	cmhsn6ytp0000vpu1yzlk4hq1	2025-11-18 11:00:00	2025-11-18 11:30:00	f
cmhsnbakf009svp7ghcbnumdq	cmhsn70fj000pvpu10pqgvfy0	2025-11-18 03:30:00	2025-11-18 04:00:00	f
cmhsnbakf009tvp7g6jmnx27s	cmhsn70fj000pvpu10pqgvfy0	2025-11-18 04:00:00	2025-11-18 04:30:00	f
cmhsnbakf009uvp7grrihkvou	cmhsn70fj000pvpu10pqgvfy0	2025-11-18 04:30:00	2025-11-18 05:00:00	f
cmhsnbakf009vvp7g6ya75mky	cmhsn70fj000pvpu10pqgvfy0	2025-11-18 05:00:00	2025-11-18 05:30:00	f
cmhsnbakf009wvp7gjvaz69mc	cmhsn70fj000pvpu10pqgvfy0	2025-11-18 05:30:00	2025-11-18 06:00:00	f
cmhsnbakf009xvp7gspe72efz	cmhsn70fj000pvpu10pqgvfy0	2025-11-18 06:00:00	2025-11-18 06:30:00	f
cmhsnbakf009yvp7gu5ir1m5t	cmhsn70fj000pvpu10pqgvfy0	2025-11-18 06:30:00	2025-11-18 07:00:00	f
cmhsnbakf009zvp7gr3kykkss	cmhsn70fj000pvpu10pqgvfy0	2025-11-18 07:00:00	2025-11-18 07:30:00	f
cmhsnbakf00a0vp7gq6aipzsx	cmhsn70fj000pvpu10pqgvfy0	2025-11-18 07:30:00	2025-11-18 08:00:00	f
cmhsnbakf00a1vp7gwvefmeu7	cmhsn70fj000pvpu10pqgvfy0	2025-11-18 08:00:00	2025-11-18 08:30:00	f
cmhsnbakf00a2vp7gdp6zyiy5	cmhsn70fj000pvpu10pqgvfy0	2025-11-18 08:30:00	2025-11-18 09:00:00	f
cmhsnbakf00a3vp7gnuiidrh5	cmhsn70fj000pvpu10pqgvfy0	2025-11-18 09:00:00	2025-11-18 09:30:00	f
cmhsnbakf00a4vp7gq09v6jd9	cmhsn70fj000pvpu10pqgvfy0	2025-11-18 09:30:00	2025-11-18 10:00:00	f
cmhsnbakf00a5vp7ghyt5cr82	cmhsn70fj000pvpu10pqgvfy0	2025-11-18 10:00:00	2025-11-18 10:30:00	f
cmhsnbakf00a6vp7g9710qm81	cmhsn70fj000pvpu10pqgvfy0	2025-11-18 10:30:00	2025-11-18 11:00:00	f
cmhsnbakf00a7vp7gx3ynb7y8	cmhsn70fj000pvpu10pqgvfy0	2025-11-18 11:00:00	2025-11-18 11:30:00	f
cmhsnbakf00a8vp7g1b524ahm	cmhsn71h9001evpu1zzq0sxei	2025-11-18 03:30:00	2025-11-18 04:00:00	f
cmhsnbakf00a9vp7gscu8zucy	cmhsn71h9001evpu1zzq0sxei	2025-11-18 04:00:00	2025-11-18 04:30:00	f
cmhsnbakf00aavp7g3o9r80x5	cmhsn71h9001evpu1zzq0sxei	2025-11-18 04:30:00	2025-11-18 05:00:00	f
cmhsnbakf00abvp7gxlypkmzg	cmhsn71h9001evpu1zzq0sxei	2025-11-18 05:00:00	2025-11-18 05:30:00	f
cmhsnbakf00acvp7gq12qnbrx	cmhsn71h9001evpu1zzq0sxei	2025-11-18 05:30:00	2025-11-18 06:00:00	f
cmhsnbakf00advp7g1c6mqr6n	cmhsn71h9001evpu1zzq0sxei	2025-11-18 06:00:00	2025-11-18 06:30:00	f
cmhsnbakf00aevp7gnw63031x	cmhsn71h9001evpu1zzq0sxei	2025-11-18 06:30:00	2025-11-18 07:00:00	f
cmhsnbakf00afvp7grbk7iz6l	cmhsn71h9001evpu1zzq0sxei	2025-11-18 07:00:00	2025-11-18 07:30:00	f
cmhsnbakf00agvp7gx2gchhjb	cmhsn71h9001evpu1zzq0sxei	2025-11-18 07:30:00	2025-11-18 08:00:00	f
cmhsnbakf00ahvp7gzlcntr3p	cmhsn71h9001evpu1zzq0sxei	2025-11-18 08:00:00	2025-11-18 08:30:00	f
cmhsnbakf00aivp7gpgbkxq65	cmhsn71h9001evpu1zzq0sxei	2025-11-18 08:30:00	2025-11-18 09:00:00	f
cmhsnbakf00ajvp7gt1diebzq	cmhsn71h9001evpu1zzq0sxei	2025-11-18 09:00:00	2025-11-18 09:30:00	f
cmhsnbakf00akvp7gysi3qce9	cmhsn71h9001evpu1zzq0sxei	2025-11-18 09:30:00	2025-11-18 10:00:00	f
cmhsnbakf00alvp7gyepsucav	cmhsn71h9001evpu1zzq0sxei	2025-11-18 10:00:00	2025-11-18 10:30:00	f
cmhsnbakf00amvp7gonl6nj2z	cmhsn71h9001evpu1zzq0sxei	2025-11-18 10:30:00	2025-11-18 11:00:00	f
cmhsnbakf00anvp7g30b3p7he	cmhsn71h9001evpu1zzq0sxei	2025-11-18 11:00:00	2025-11-18 11:30:00	f
cmhsnbakf00aovp7gkwfjewub	cmhsn6ytp0000vpu1yzlk4hq1	2025-11-19 03:30:00	2025-11-19 04:00:00	f
cmhsnbakf00apvp7g7qbfxc26	cmhsn6ytp0000vpu1yzlk4hq1	2025-11-19 04:00:00	2025-11-19 04:30:00	f
cmhsnbakf00arvp7g4gg072xh	cmhsn6ytp0000vpu1yzlk4hq1	2025-11-19 05:00:00	2025-11-19 05:30:00	f
cmhsnbakf00asvp7govwbend4	cmhsn6ytp0000vpu1yzlk4hq1	2025-11-19 05:30:00	2025-11-19 06:00:00	f
cmhsnbakf00atvp7g4iiyif0m	cmhsn6ytp0000vpu1yzlk4hq1	2025-11-19 06:00:00	2025-11-19 06:30:00	f
cmhsnbakf00auvp7gfni638ua	cmhsn6ytp0000vpu1yzlk4hq1	2025-11-19 06:30:00	2025-11-19 07:00:00	f
cmhsnbakf00avvp7g2h5efg8m	cmhsn6ytp0000vpu1yzlk4hq1	2025-11-19 07:00:00	2025-11-19 07:30:00	f
cmhsnbakf00awvp7gfuah93mp	cmhsn6ytp0000vpu1yzlk4hq1	2025-11-19 07:30:00	2025-11-19 08:00:00	f
cmhsnbakf00axvp7gevl5rng5	cmhsn6ytp0000vpu1yzlk4hq1	2025-11-19 08:00:00	2025-11-19 08:30:00	f
cmhsnbakf00ayvp7ginnvrfd1	cmhsn6ytp0000vpu1yzlk4hq1	2025-11-19 08:30:00	2025-11-19 09:00:00	f
cmhsnbakf00azvp7g77rrru2h	cmhsn6ytp0000vpu1yzlk4hq1	2025-11-19 09:00:00	2025-11-19 09:30:00	f
cmhsnbakf00b0vp7ghv0qbh43	cmhsn6ytp0000vpu1yzlk4hq1	2025-11-19 09:30:00	2025-11-19 10:00:00	f
cmhsnbakf00b1vp7grffepbh2	cmhsn6ytp0000vpu1yzlk4hq1	2025-11-19 10:00:00	2025-11-19 10:30:00	f
cmhsnbakf00b2vp7gxhewuetf	cmhsn6ytp0000vpu1yzlk4hq1	2025-11-19 10:30:00	2025-11-19 11:00:00	f
cmhsnbakf00b3vp7g41cwmxux	cmhsn6ytp0000vpu1yzlk4hq1	2025-11-19 11:00:00	2025-11-19 11:30:00	f
cmhsnbakf00b4vp7grqr848i8	cmhsn70fj000pvpu10pqgvfy0	2025-11-19 03:30:00	2025-11-19 04:00:00	f
cmhsnbakf00b5vp7g81pdi95l	cmhsn70fj000pvpu10pqgvfy0	2025-11-19 04:00:00	2025-11-19 04:30:00	f
cmhsnbake009dvp7guni20cq6	cmhsn6ytp0000vpu1yzlk4hq1	2025-11-18 04:00:00	2025-11-18 04:30:00	f
cmhsnbakf00b6vp7ghrr5ox32	cmhsn70fj000pvpu10pqgvfy0	2025-11-19 04:30:00	2025-11-19 05:00:00	f
cmhsnbakf00b7vp7gem4hv5oy	cmhsn70fj000pvpu10pqgvfy0	2025-11-19 05:00:00	2025-11-19 05:30:00	f
cmhsnbakf00b8vp7ghsoz3m91	cmhsn70fj000pvpu10pqgvfy0	2025-11-19 05:30:00	2025-11-19 06:00:00	f
cmhsnbakf00b9vp7g539522yl	cmhsn70fj000pvpu10pqgvfy0	2025-11-19 06:00:00	2025-11-19 06:30:00	f
cmhsnbakg00bavp7g57d7hyc8	cmhsn70fj000pvpu10pqgvfy0	2025-11-19 06:30:00	2025-11-19 07:00:00	f
cmhsnbakg00bbvp7gwee67x57	cmhsn70fj000pvpu10pqgvfy0	2025-11-19 07:00:00	2025-11-19 07:30:00	f
cmhsnbakg00bcvp7gple1jvih	cmhsn70fj000pvpu10pqgvfy0	2025-11-19 07:30:00	2025-11-19 08:00:00	f
cmhsnbakg00bdvp7glxjbh43p	cmhsn70fj000pvpu10pqgvfy0	2025-11-19 08:00:00	2025-11-19 08:30:00	f
cmhsnbakg00bevp7g6b3pw103	cmhsn70fj000pvpu10pqgvfy0	2025-11-19 08:30:00	2025-11-19 09:00:00	f
cmhsnbakg00bfvp7gwx6ie3h9	cmhsn70fj000pvpu10pqgvfy0	2025-11-19 09:00:00	2025-11-19 09:30:00	f
cmhsnbakg00bgvp7g2e5xvysd	cmhsn70fj000pvpu10pqgvfy0	2025-11-19 09:30:00	2025-11-19 10:00:00	f
cmhsnbakg00bhvp7gakwfw5y1	cmhsn70fj000pvpu10pqgvfy0	2025-11-19 10:00:00	2025-11-19 10:30:00	f
cmhsnbakg00bivp7g0pz7ipx2	cmhsn70fj000pvpu10pqgvfy0	2025-11-19 10:30:00	2025-11-19 11:00:00	f
cmhsnbakg00bjvp7gewh2wzo5	cmhsn70fj000pvpu10pqgvfy0	2025-11-19 11:00:00	2025-11-19 11:30:00	f
cmhsnbakg00bkvp7gwbunhwow	cmhsn71h9001evpu1zzq0sxei	2025-11-19 03:30:00	2025-11-19 04:00:00	f
cmhsnbakg00blvp7gbi6mkl02	cmhsn71h9001evpu1zzq0sxei	2025-11-19 04:00:00	2025-11-19 04:30:00	f
cmhsnbakg00bmvp7ggm9uvivr	cmhsn71h9001evpu1zzq0sxei	2025-11-19 04:30:00	2025-11-19 05:00:00	f
cmhsnbakg00bnvp7gua1cwr0r	cmhsn71h9001evpu1zzq0sxei	2025-11-19 05:00:00	2025-11-19 05:30:00	f
cmhsnbakg00bovp7gfppfa0kn	cmhsn71h9001evpu1zzq0sxei	2025-11-19 05:30:00	2025-11-19 06:00:00	f
cmhsnbakg00bpvp7gjtzhzgfo	cmhsn71h9001evpu1zzq0sxei	2025-11-19 06:00:00	2025-11-19 06:30:00	f
cmhsnbakg00bqvp7gw5vkflf3	cmhsn71h9001evpu1zzq0sxei	2025-11-19 06:30:00	2025-11-19 07:00:00	f
cmhsnbakg00brvp7g7rsauie0	cmhsn71h9001evpu1zzq0sxei	2025-11-19 07:00:00	2025-11-19 07:30:00	f
cmhsnbakh00bsvp7gtxuxgvbj	cmhsn71h9001evpu1zzq0sxei	2025-11-19 07:30:00	2025-11-19 08:00:00	f
cmhsnbakh00btvp7guryipnam	cmhsn71h9001evpu1zzq0sxei	2025-11-19 08:00:00	2025-11-19 08:30:00	f
cmhsnbakh00buvp7g79z965cc	cmhsn71h9001evpu1zzq0sxei	2025-11-19 08:30:00	2025-11-19 09:00:00	f
cmhsnbakh00bvvp7ged1zes3y	cmhsn71h9001evpu1zzq0sxei	2025-11-19 09:00:00	2025-11-19 09:30:00	f
cmhsnbakh00bwvp7gvyiqyp7u	cmhsn71h9001evpu1zzq0sxei	2025-11-19 09:30:00	2025-11-19 10:00:00	f
cmhsnbakh00bxvp7gcht340tv	cmhsn71h9001evpu1zzq0sxei	2025-11-19 10:00:00	2025-11-19 10:30:00	f
cmhsnbakh00byvp7gumy0rc9v	cmhsn71h9001evpu1zzq0sxei	2025-11-19 10:30:00	2025-11-19 11:00:00	f
cmhsnbakh00bzvp7glf6tdzmw	cmhsn71h9001evpu1zzq0sxei	2025-11-19 11:00:00	2025-11-19 11:30:00	f
cmhsnbakh00c0vp7g0l1ovbjj	cmhsn6ytp0000vpu1yzlk4hq1	2025-11-20 03:30:00	2025-11-20 04:00:00	f
cmhsnbakh00c1vp7g9j681019	cmhsn6ytp0000vpu1yzlk4hq1	2025-11-20 04:00:00	2025-11-20 04:30:00	f
cmhsnbakh00c2vp7gf3lg0oex	cmhsn6ytp0000vpu1yzlk4hq1	2025-11-20 04:30:00	2025-11-20 05:00:00	f
cmhsnbakh00c3vp7gpvn4fczp	cmhsn6ytp0000vpu1yzlk4hq1	2025-11-20 05:00:00	2025-11-20 05:30:00	f
cmhsnbakh00c4vp7g7507m9yf	cmhsn6ytp0000vpu1yzlk4hq1	2025-11-20 05:30:00	2025-11-20 06:00:00	f
cmhsnbakh00c5vp7gyvwxjdsu	cmhsn6ytp0000vpu1yzlk4hq1	2025-11-20 06:00:00	2025-11-20 06:30:00	f
cmhsnbakh00c6vp7gfcrcnphy	cmhsn6ytp0000vpu1yzlk4hq1	2025-11-20 06:30:00	2025-11-20 07:00:00	f
cmhsnbakh00c7vp7gs0ary5zj	cmhsn6ytp0000vpu1yzlk4hq1	2025-11-20 07:00:00	2025-11-20 07:30:00	f
cmhsnbakh00c8vp7g85tobfx7	cmhsn6ytp0000vpu1yzlk4hq1	2025-11-20 07:30:00	2025-11-20 08:00:00	f
cmhsnbakh00c9vp7g6ynuk7a8	cmhsn6ytp0000vpu1yzlk4hq1	2025-11-20 08:00:00	2025-11-20 08:30:00	f
cmhsnbakh00cavp7grb5c7s2e	cmhsn6ytp0000vpu1yzlk4hq1	2025-11-20 08:30:00	2025-11-20 09:00:00	f
cmhsnbakh00cbvp7g8er6gb3u	cmhsn6ytp0000vpu1yzlk4hq1	2025-11-20 09:00:00	2025-11-20 09:30:00	f
cmhsnbakh00ccvp7gb2mjtbah	cmhsn6ytp0000vpu1yzlk4hq1	2025-11-20 09:30:00	2025-11-20 10:00:00	f
cmhsnbakh00cdvp7guoxd9hki	cmhsn6ytp0000vpu1yzlk4hq1	2025-11-20 10:00:00	2025-11-20 10:30:00	f
cmhsnbakh00cevp7goyk99pxs	cmhsn6ytp0000vpu1yzlk4hq1	2025-11-20 10:30:00	2025-11-20 11:00:00	f
cmhsnbakh00cfvp7gdru1ftuk	cmhsn6ytp0000vpu1yzlk4hq1	2025-11-20 11:00:00	2025-11-20 11:30:00	f
cmhsnbakh00cgvp7gocnwatzj	cmhsn70fj000pvpu10pqgvfy0	2025-11-20 03:30:00	2025-11-20 04:00:00	f
cmhsnbakh00chvp7gkc3kwd59	cmhsn70fj000pvpu10pqgvfy0	2025-11-20 04:00:00	2025-11-20 04:30:00	f
cmhsnbakh00civp7gf6yz1khg	cmhsn70fj000pvpu10pqgvfy0	2025-11-20 04:30:00	2025-11-20 05:00:00	f
cmhsnbakh00cjvp7g6g8ho6yz	cmhsn70fj000pvpu10pqgvfy0	2025-11-20 05:00:00	2025-11-20 05:30:00	f
cmhsnbakh00ckvp7gymtq3ivn	cmhsn70fj000pvpu10pqgvfy0	2025-11-20 05:30:00	2025-11-20 06:00:00	f
cmhsnbakh00clvp7gjez17uw4	cmhsn70fj000pvpu10pqgvfy0	2025-11-20 06:00:00	2025-11-20 06:30:00	f
cmhsnbakh00cmvp7g4i1irrc2	cmhsn70fj000pvpu10pqgvfy0	2025-11-20 06:30:00	2025-11-20 07:00:00	f
cmhsnbakh00cnvp7gm3nhu5y9	cmhsn70fj000pvpu10pqgvfy0	2025-11-20 07:00:00	2025-11-20 07:30:00	f
cmhsnbakh00covp7g3at2v36f	cmhsn70fj000pvpu10pqgvfy0	2025-11-20 07:30:00	2025-11-20 08:00:00	f
cmhsnbakh00cpvp7gn0ywv8k1	cmhsn70fj000pvpu10pqgvfy0	2025-11-20 08:00:00	2025-11-20 08:30:00	f
cmhsnbakh00cqvp7gp7xej5qy	cmhsn70fj000pvpu10pqgvfy0	2025-11-20 08:30:00	2025-11-20 09:00:00	f
cmhsnbakh00crvp7gndlj1z4o	cmhsn70fj000pvpu10pqgvfy0	2025-11-20 09:00:00	2025-11-20 09:30:00	f
cmhsnbakh00csvp7g4b8wrhr8	cmhsn70fj000pvpu10pqgvfy0	2025-11-20 09:30:00	2025-11-20 10:00:00	f
cmhsnbakh00ctvp7gvpp2jmx7	cmhsn70fj000pvpu10pqgvfy0	2025-11-20 10:00:00	2025-11-20 10:30:00	f
cmhsnbakh00cuvp7gdtdydqjk	cmhsn70fj000pvpu10pqgvfy0	2025-11-20 10:30:00	2025-11-20 11:00:00	f
cmhsnbakh00cvvp7g2j1tpw8u	cmhsn70fj000pvpu10pqgvfy0	2025-11-20 11:00:00	2025-11-20 11:30:00	f
cmhsnbakh00cwvp7go3jmd8x7	cmhsn71h9001evpu1zzq0sxei	2025-11-20 03:30:00	2025-11-20 04:00:00	f
cmhsnbakh00cxvp7gxmj8bm9u	cmhsn71h9001evpu1zzq0sxei	2025-11-20 04:00:00	2025-11-20 04:30:00	f
cmhsnbakh00cyvp7gd9snv40c	cmhsn71h9001evpu1zzq0sxei	2025-11-20 04:30:00	2025-11-20 05:00:00	f
cmhsnbakh00czvp7glmdd4h55	cmhsn71h9001evpu1zzq0sxei	2025-11-20 05:00:00	2025-11-20 05:30:00	f
cmhsnbakh00d0vp7gr0v8huuo	cmhsn71h9001evpu1zzq0sxei	2025-11-20 05:30:00	2025-11-20 06:00:00	f
cmhsnbakh00d1vp7gdy4klq20	cmhsn71h9001evpu1zzq0sxei	2025-11-20 06:00:00	2025-11-20 06:30:00	f
cmhsnbakh00d2vp7g7ijvb6iy	cmhsn71h9001evpu1zzq0sxei	2025-11-20 06:30:00	2025-11-20 07:00:00	f
cmhsnbakh00d3vp7g6n44ux17	cmhsn71h9001evpu1zzq0sxei	2025-11-20 07:00:00	2025-11-20 07:30:00	f
cmhsnbakh00d4vp7gjmwz6zip	cmhsn71h9001evpu1zzq0sxei	2025-11-20 07:30:00	2025-11-20 08:00:00	f
cmhsnbakh00d5vp7grmcn3npa	cmhsn71h9001evpu1zzq0sxei	2025-11-20 08:00:00	2025-11-20 08:30:00	f
cmhsnbakh00d6vp7gp2m3ciue	cmhsn71h9001evpu1zzq0sxei	2025-11-20 08:30:00	2025-11-20 09:00:00	f
cmhsnbakh00d7vp7g74y0x2a1	cmhsn71h9001evpu1zzq0sxei	2025-11-20 09:00:00	2025-11-20 09:30:00	f
cmhsnbakh00d8vp7gukcjmsv5	cmhsn71h9001evpu1zzq0sxei	2025-11-20 09:30:00	2025-11-20 10:00:00	f
cmhsnbaki00d9vp7g2hydff7f	cmhsn71h9001evpu1zzq0sxei	2025-11-20 10:00:00	2025-11-20 10:30:00	f
cmhsnbaki00davp7gnxva1oqr	cmhsn71h9001evpu1zzq0sxei	2025-11-20 10:30:00	2025-11-20 11:00:00	f
cmhsnbaki00dbvp7gl925a46r	cmhsn71h9001evpu1zzq0sxei	2025-11-20 11:00:00	2025-11-20 11:30:00	f
cmhsnbaki00dcvp7g2hmhvrro	cmhsn6ytp0000vpu1yzlk4hq1	2025-11-21 03:30:00	2025-11-21 04:00:00	f
cmhsnbaki00ddvp7gq5j337at	cmhsn6ytp0000vpu1yzlk4hq1	2025-11-21 04:00:00	2025-11-21 04:30:00	f
cmhsnbaki00devp7g28twbk31	cmhsn6ytp0000vpu1yzlk4hq1	2025-11-21 04:30:00	2025-11-21 05:00:00	f
cmhsnbaki00dfvp7gosi7dr10	cmhsn6ytp0000vpu1yzlk4hq1	2025-11-21 05:00:00	2025-11-21 05:30:00	f
cmhsnbaki00dgvp7gha74wqa2	cmhsn6ytp0000vpu1yzlk4hq1	2025-11-21 05:30:00	2025-11-21 06:00:00	f
cmhsnbaki00dhvp7g0xy66z3a	cmhsn6ytp0000vpu1yzlk4hq1	2025-11-21 06:00:00	2025-11-21 06:30:00	f
cmhsnbaki00divp7g92j0d4uc	cmhsn6ytp0000vpu1yzlk4hq1	2025-11-21 06:30:00	2025-11-21 07:00:00	f
cmhsnbaki00djvp7gytooamke	cmhsn6ytp0000vpu1yzlk4hq1	2025-11-21 07:00:00	2025-11-21 07:30:00	f
cmhsnbaki00dkvp7g2c6lkap1	cmhsn6ytp0000vpu1yzlk4hq1	2025-11-21 07:30:00	2025-11-21 08:00:00	f
cmhsnbaki00dlvp7g2v8dbo1c	cmhsn6ytp0000vpu1yzlk4hq1	2025-11-21 08:00:00	2025-11-21 08:30:00	f
cmhsnbaki00dmvp7g3r16yla2	cmhsn6ytp0000vpu1yzlk4hq1	2025-11-21 08:30:00	2025-11-21 09:00:00	f
cmhsnbaki00dnvp7gyan39f4q	cmhsn6ytp0000vpu1yzlk4hq1	2025-11-21 09:00:00	2025-11-21 09:30:00	f
cmhsnbaki00dovp7gm9m4oln2	cmhsn6ytp0000vpu1yzlk4hq1	2025-11-21 09:30:00	2025-11-21 10:00:00	f
cmhsnbaki00dpvp7gzpx8ojda	cmhsn6ytp0000vpu1yzlk4hq1	2025-11-21 10:00:00	2025-11-21 10:30:00	f
cmhsnbaki00dqvp7gaic7qnz1	cmhsn6ytp0000vpu1yzlk4hq1	2025-11-21 10:30:00	2025-11-21 11:00:00	f
cmhsnbaki00drvp7gy328rdcm	cmhsn6ytp0000vpu1yzlk4hq1	2025-11-21 11:00:00	2025-11-21 11:30:00	f
cmhsnbaki00dsvp7g5ccbl8j3	cmhsn70fj000pvpu10pqgvfy0	2025-11-21 03:30:00	2025-11-21 04:00:00	f
cmhsnbaki00dtvp7g7wmjdk0v	cmhsn70fj000pvpu10pqgvfy0	2025-11-21 04:00:00	2025-11-21 04:30:00	f
cmhsnbaki00duvp7gt6q752fj	cmhsn70fj000pvpu10pqgvfy0	2025-11-21 04:30:00	2025-11-21 05:00:00	f
cmhsnbaki00dvvp7gyhbpf751	cmhsn70fj000pvpu10pqgvfy0	2025-11-21 05:00:00	2025-11-21 05:30:00	f
cmhsnbcj000dwvp7go94cxloo	cmhsn70fj000pvpu10pqgvfy0	2025-11-21 05:30:00	2025-11-21 06:00:00	f
cmhsnbcj000dxvp7gcshlf6o8	cmhsn70fj000pvpu10pqgvfy0	2025-11-21 06:00:00	2025-11-21 06:30:00	f
cmhsnbcj000dyvp7galqgoehd	cmhsn70fj000pvpu10pqgvfy0	2025-11-21 06:30:00	2025-11-21 07:00:00	f
cmhsnbcj000dzvp7gdwt80cx3	cmhsn70fj000pvpu10pqgvfy0	2025-11-21 07:00:00	2025-11-21 07:30:00	f
cmhsnbcj000e0vp7gmwrtlks9	cmhsn70fj000pvpu10pqgvfy0	2025-11-21 07:30:00	2025-11-21 08:00:00	f
cmhsnbcj000e1vp7gug0x74ue	cmhsn70fj000pvpu10pqgvfy0	2025-11-21 08:00:00	2025-11-21 08:30:00	f
cmhsnbcj000e2vp7gxhwrgkf2	cmhsn70fj000pvpu10pqgvfy0	2025-11-21 08:30:00	2025-11-21 09:00:00	f
cmhsnbcj000e3vp7g7y4efn39	cmhsn70fj000pvpu10pqgvfy0	2025-11-21 09:00:00	2025-11-21 09:30:00	f
cmhsnbcj000e4vp7gfssu8qvt	cmhsn70fj000pvpu10pqgvfy0	2025-11-21 09:30:00	2025-11-21 10:00:00	f
cmhsnbcj000e5vp7gazjny0ev	cmhsn70fj000pvpu10pqgvfy0	2025-11-21 10:00:00	2025-11-21 10:30:00	f
cmhsnbcj000e6vp7gmohed458	cmhsn70fj000pvpu10pqgvfy0	2025-11-21 10:30:00	2025-11-21 11:00:00	f
cmhsnbcj000e7vp7ggdioirk6	cmhsn70fj000pvpu10pqgvfy0	2025-11-21 11:00:00	2025-11-21 11:30:00	f
cmhsnbcj000e8vp7gasm4abcq	cmhsn71h9001evpu1zzq0sxei	2025-11-21 03:30:00	2025-11-21 04:00:00	f
cmhsnbcj100e9vp7g21l6suqn	cmhsn71h9001evpu1zzq0sxei	2025-11-21 04:00:00	2025-11-21 04:30:00	f
cmhsnbcj100eavp7gmofewavj	cmhsn71h9001evpu1zzq0sxei	2025-11-21 04:30:00	2025-11-21 05:00:00	f
cmhsnbcj100ebvp7ghqkpeeol	cmhsn71h9001evpu1zzq0sxei	2025-11-21 05:00:00	2025-11-21 05:30:00	f
cmhsnbcj100ecvp7g8g5m2468	cmhsn71h9001evpu1zzq0sxei	2025-11-21 05:30:00	2025-11-21 06:00:00	f
cmhsnbcj100edvp7g4zt44lzg	cmhsn71h9001evpu1zzq0sxei	2025-11-21 06:00:00	2025-11-21 06:30:00	f
cmhsnbcj100eevp7gn8gyp6lu	cmhsn71h9001evpu1zzq0sxei	2025-11-21 06:30:00	2025-11-21 07:00:00	f
cmhsnbcj100efvp7g0myccrzh	cmhsn71h9001evpu1zzq0sxei	2025-11-21 07:00:00	2025-11-21 07:30:00	f
cmhsnbcj100egvp7g3toehsxw	cmhsn71h9001evpu1zzq0sxei	2025-11-21 07:30:00	2025-11-21 08:00:00	f
cmhsnbcj100ehvp7gs0lxux95	cmhsn71h9001evpu1zzq0sxei	2025-11-21 08:00:00	2025-11-21 08:30:00	f
cmhsnbcj100eivp7gipxgr4xe	cmhsn71h9001evpu1zzq0sxei	2025-11-21 08:30:00	2025-11-21 09:00:00	f
cmhsnbcj100ejvp7g0sekow9g	cmhsn71h9001evpu1zzq0sxei	2025-11-21 09:00:00	2025-11-21 09:30:00	f
cmhsnbcj100ekvp7g7d70buiq	cmhsn71h9001evpu1zzq0sxei	2025-11-21 09:30:00	2025-11-21 10:00:00	f
cmhsnbcj100elvp7gh2f96us7	cmhsn71h9001evpu1zzq0sxei	2025-11-21 10:00:00	2025-11-21 10:30:00	f
cmhsnbcj100emvp7gaed670qr	cmhsn71h9001evpu1zzq0sxei	2025-11-21 10:30:00	2025-11-21 11:00:00	f
cmhsnbcj100envp7g798zi8y1	cmhsn71h9001evpu1zzq0sxei	2025-11-21 11:00:00	2025-11-21 11:30:00	f
cmhsnbcj100eovp7gpryd7rav	cmhsn6ytp0000vpu1yzlk4hq1	2025-11-22 03:30:00	2025-11-22 04:00:00	f
cmhsnbcj100epvp7gintr4t7i	cmhsn6ytp0000vpu1yzlk4hq1	2025-11-22 04:00:00	2025-11-22 04:30:00	f
cmhsnbcj100eqvp7g2zuc8mwz	cmhsn6ytp0000vpu1yzlk4hq1	2025-11-22 04:30:00	2025-11-22 05:00:00	f
cmhsnbcj100ervp7gp0ino10f	cmhsn6ytp0000vpu1yzlk4hq1	2025-11-22 05:00:00	2025-11-22 05:30:00	f
cmhsnbcj100esvp7gahky7y0m	cmhsn6ytp0000vpu1yzlk4hq1	2025-11-22 05:30:00	2025-11-22 06:00:00	f
cmhsnbcj100etvp7g2s9se9mx	cmhsn6ytp0000vpu1yzlk4hq1	2025-11-22 06:00:00	2025-11-22 06:30:00	f
cmhsnbcj100euvp7gagotachj	cmhsn6ytp0000vpu1yzlk4hq1	2025-11-22 06:30:00	2025-11-22 07:00:00	f
cmhsnbcj100evvp7gcma80ipk	cmhsn6ytp0000vpu1yzlk4hq1	2025-11-22 07:00:00	2025-11-22 07:30:00	f
cmhsnbcj100ewvp7g3k0bjq5d	cmhsn6ytp0000vpu1yzlk4hq1	2025-11-22 07:30:00	2025-11-22 08:00:00	f
cmhsnbcj100exvp7giy2r4tei	cmhsn6ytp0000vpu1yzlk4hq1	2025-11-22 08:00:00	2025-11-22 08:30:00	f
cmhsnbcj100eyvp7giuw4vie1	cmhsn6ytp0000vpu1yzlk4hq1	2025-11-22 08:30:00	2025-11-22 09:00:00	f
cmhsnbcj100ezvp7gzp9up04e	cmhsn6ytp0000vpu1yzlk4hq1	2025-11-22 09:00:00	2025-11-22 09:30:00	f
cmhsnbcj100f0vp7g1a71yt63	cmhsn6ytp0000vpu1yzlk4hq1	2025-11-22 09:30:00	2025-11-22 10:00:00	f
cmhsnbcj100f1vp7gxw8v2uij	cmhsn6ytp0000vpu1yzlk4hq1	2025-11-22 10:00:00	2025-11-22 10:30:00	f
cmhsnbcj100f2vp7girmqysz3	cmhsn6ytp0000vpu1yzlk4hq1	2025-11-22 10:30:00	2025-11-22 11:00:00	f
cmhsnbcj100f3vp7goern65mk	cmhsn6ytp0000vpu1yzlk4hq1	2025-11-22 11:00:00	2025-11-22 11:30:00	f
cmhsnbcj100f4vp7g6des828x	cmhsn70fj000pvpu10pqgvfy0	2025-11-22 03:30:00	2025-11-22 04:00:00	f
cmhsnbcj100f5vp7gbsy3goqw	cmhsn70fj000pvpu10pqgvfy0	2025-11-22 04:00:00	2025-11-22 04:30:00	f
cmhsnbcj100f6vp7g9g9a8ve6	cmhsn70fj000pvpu10pqgvfy0	2025-11-22 04:30:00	2025-11-22 05:00:00	f
cmhsnbcj100f7vp7gxsm7eed5	cmhsn70fj000pvpu10pqgvfy0	2025-11-22 05:00:00	2025-11-22 05:30:00	f
cmhsnbcj100f8vp7gks05gih7	cmhsn70fj000pvpu10pqgvfy0	2025-11-22 05:30:00	2025-11-22 06:00:00	f
cmhsnbcj100f9vp7g9b98it39	cmhsn70fj000pvpu10pqgvfy0	2025-11-22 06:00:00	2025-11-22 06:30:00	f
cmhsnbcj100favp7g8ep1rzz8	cmhsn70fj000pvpu10pqgvfy0	2025-11-22 06:30:00	2025-11-22 07:00:00	f
cmhsnbcj100fbvp7gbm12cmfy	cmhsn70fj000pvpu10pqgvfy0	2025-11-22 07:00:00	2025-11-22 07:30:00	f
cmhsnbcj100fcvp7gx4383zim	cmhsn70fj000pvpu10pqgvfy0	2025-11-22 07:30:00	2025-11-22 08:00:00	f
cmhsnbcj100fdvp7g713amz34	cmhsn70fj000pvpu10pqgvfy0	2025-11-22 08:00:00	2025-11-22 08:30:00	f
cmhsnbcj100fevp7g2ug6j2nc	cmhsn70fj000pvpu10pqgvfy0	2025-11-22 08:30:00	2025-11-22 09:00:00	f
cmhsnbcj100ffvp7g2atlwxf0	cmhsn70fj000pvpu10pqgvfy0	2025-11-22 09:00:00	2025-11-22 09:30:00	f
cmhsnbcj100fgvp7glvmyxcv7	cmhsn70fj000pvpu10pqgvfy0	2025-11-22 09:30:00	2025-11-22 10:00:00	f
cmhsnbcj100fhvp7g27oyvfi9	cmhsn70fj000pvpu10pqgvfy0	2025-11-22 10:00:00	2025-11-22 10:30:00	f
cmhsnbcj100fivp7gk58s3k0i	cmhsn70fj000pvpu10pqgvfy0	2025-11-22 10:30:00	2025-11-22 11:00:00	f
cmhsnbcj100fjvp7g1ld51fwd	cmhsn70fj000pvpu10pqgvfy0	2025-11-22 11:00:00	2025-11-22 11:30:00	f
cmhsnbcj100fkvp7gkuk3eexg	cmhsn71h9001evpu1zzq0sxei	2025-11-22 03:30:00	2025-11-22 04:00:00	f
cmhsnbcj100flvp7ggbxgoods	cmhsn71h9001evpu1zzq0sxei	2025-11-22 04:00:00	2025-11-22 04:30:00	f
cmhsnbcj100fmvp7gw3rqdtgt	cmhsn71h9001evpu1zzq0sxei	2025-11-22 04:30:00	2025-11-22 05:00:00	f
cmhsnbcj100fnvp7gekvsqiai	cmhsn71h9001evpu1zzq0sxei	2025-11-22 05:00:00	2025-11-22 05:30:00	f
cmhsnbcj100fovp7g2thk3ury	cmhsn71h9001evpu1zzq0sxei	2025-11-22 05:30:00	2025-11-22 06:00:00	f
cmhsnbcj100fpvp7gp5cldv4s	cmhsn71h9001evpu1zzq0sxei	2025-11-22 06:00:00	2025-11-22 06:30:00	f
cmhsnbcj100fqvp7gw8a712vc	cmhsn71h9001evpu1zzq0sxei	2025-11-22 06:30:00	2025-11-22 07:00:00	f
cmhsnbcj100frvp7gaooydrwd	cmhsn71h9001evpu1zzq0sxei	2025-11-22 07:00:00	2025-11-22 07:30:00	f
cmhsnbcj100fsvp7g3yfsvuw8	cmhsn71h9001evpu1zzq0sxei	2025-11-22 07:30:00	2025-11-22 08:00:00	f
cmhsnbcj100ftvp7gq4cljtw0	cmhsn71h9001evpu1zzq0sxei	2025-11-22 08:00:00	2025-11-22 08:30:00	f
cmhsnbcj100fuvp7gllrxtrqb	cmhsn71h9001evpu1zzq0sxei	2025-11-22 08:30:00	2025-11-22 09:00:00	f
cmhsnbcj100fvvp7geya9jh1k	cmhsn71h9001evpu1zzq0sxei	2025-11-22 09:00:00	2025-11-22 09:30:00	f
cmhsnbcj200fwvp7g7184j5tn	cmhsn71h9001evpu1zzq0sxei	2025-11-22 09:30:00	2025-11-22 10:00:00	f
cmhsnbcj200fxvp7gqxvjky77	cmhsn71h9001evpu1zzq0sxei	2025-11-22 10:00:00	2025-11-22 10:30:00	f
cmhsnbcj200fyvp7ggpm8i9fm	cmhsn71h9001evpu1zzq0sxei	2025-11-22 10:30:00	2025-11-22 11:00:00	f
cmhsnbcj200fzvp7gckrr2lam	cmhsn71h9001evpu1zzq0sxei	2025-11-22 11:00:00	2025-11-22 11:30:00	f
cmhsnbak80000vp7gvxe975cr	cmhsn6ytp0000vpu1yzlk4hq1	2025-11-10 03:30:00	2025-11-10 04:00:00	t
cmi61maay0008vpyhl8wj895s	cmi61m9w90003vpyh35575zjc	2025-11-19 18:00:00	2025-11-19 19:00:00	f
cmi61maay0009vpyhnw37j8c4	cmi61m9w90003vpyh35575zjc	2025-11-19 19:00:00	2025-11-19 20:00:00	f
cmi61maay000avpyh4ogsg0d0	cmi61m9w90003vpyh35575zjc	2025-11-19 20:00:00	2025-11-19 21:00:00	f
cmi61maay000bvpyhxfep6wpi	cmi61m9w90003vpyh35575zjc	2025-11-19 21:00:00	2025-11-19 22:00:00	f
cmi61maay000cvpyhi7fpmr4f	cmi61m9w90003vpyh35575zjc	2025-11-19 22:00:00	2025-11-19 23:00:00	f
cmi61maay000dvpyhrwj86p7h	cmi61m9w90003vpyh35575zjc	2025-11-19 23:00:00	2025-11-20 00:00:00	f
cmi61maay000evpyh9kymigfc	cmi61m9w90003vpyh35575zjc	2025-11-20 00:00:00	2025-11-20 01:00:00	f
cmi61maay000fvpyhf1c6dy7o	cmi61m9w90003vpyh35575zjc	2025-11-20 01:00:00	2025-11-20 02:00:00	f
cmi61maay000gvpyhoq1tsml7	cmi61m9w90003vpyh35575zjc	2025-11-20 02:00:00	2025-11-20 03:00:00	f
cmi61maay000hvpyhvlhst0ly	cmi61m9w90003vpyh35575zjc	2025-11-20 03:00:00	2025-11-20 04:00:00	f
cmi61maay000ivpyhmqjx4a8f	cmi61m9w90003vpyh35575zjc	2025-11-20 04:00:00	2025-11-20 05:00:00	f
cmi61maay000jvpyhqb0v09vg	cmi61m9w90003vpyh35575zjc	2025-11-20 05:00:00	2025-11-20 06:00:00	f
cmi61maaz000kvpyhr18yw64e	cmi61m9w90003vpyh35575zjc	2025-11-20 06:00:00	2025-11-20 07:00:00	f
cmi61maaz000lvpyh0s2tbeg4	cmi61m9w90003vpyh35575zjc	2025-11-20 07:00:00	2025-11-20 08:00:00	f
cmi61maaz000mvpyhemkwgiza	cmi61m9w90003vpyh35575zjc	2025-11-20 08:00:00	2025-11-20 09:00:00	f
cmi61maaz000nvpyh1zccj7rl	cmi61m9w90003vpyh35575zjc	2025-11-20 09:00:00	2025-11-20 10:00:00	f
cmi61maaz000ovpyhbt2kgynh	cmi61m9w90003vpyh35575zjc	2025-11-20 10:00:00	2025-11-20 11:00:00	f
cmi61maaz000pvpyh292cr3pv	cmi61m9w90003vpyh35575zjc	2025-11-20 11:00:00	2025-11-20 12:00:00	f
cmi61maaz000qvpyhudme0cao	cmi61m9w90003vpyh35575zjc	2025-11-20 12:00:00	2025-11-20 13:00:00	f
cmi61maaz000rvpyhvhuevwx4	cmi61m9w90003vpyh35575zjc	2025-11-20 13:00:00	2025-11-20 14:00:00	f
cmi61mbih000vvpyhwuun93c0	cmi61mb3x000svpyhh85qzlsn	2025-11-19 16:00:00	2025-11-19 17:00:00	f
cmi61mbih000wvpyhxj9ro0hb	cmi61mb3x000svpyhh85qzlsn	2025-11-19 17:00:00	2025-11-19 18:00:00	f
cmi61mbii000xvpyhuttbflij	cmi61mb3x000svpyhh85qzlsn	2025-11-19 18:00:00	2025-11-19 19:00:00	f
cmi61mbii000yvpyh0mv6cfhn	cmi61mb3x000svpyhh85qzlsn	2025-11-19 19:00:00	2025-11-19 20:00:00	f
cmi61mbii000zvpyhvy1tmndt	cmi61mb3x000svpyhh85qzlsn	2025-11-19 20:00:00	2025-11-19 21:00:00	f
cmi61mbii0010vpyh79tt00c0	cmi61mb3x000svpyhh85qzlsn	2025-11-19 21:00:00	2025-11-19 22:00:00	f
cmi61mbii0011vpyh8uwapm1f	cmi61mb3x000svpyhh85qzlsn	2025-11-19 22:00:00	2025-11-19 23:00:00	f
cmi61mbii0012vpyhfblio0jo	cmi61mb3x000svpyhh85qzlsn	2025-11-19 23:00:00	2025-11-20 00:00:00	f
cmi61mbii0013vpyhxzkqo509	cmi61mb3x000svpyhh85qzlsn	2025-11-20 00:00:00	2025-11-20 01:00:00	f
cmi61mbii0014vpyhoca5dcoe	cmi61mb3x000svpyhh85qzlsn	2025-11-20 01:00:00	2025-11-20 02:00:00	f
cmi61mbii0015vpyhl1sgwlr2	cmi61mb3x000svpyhh85qzlsn	2025-11-20 02:00:00	2025-11-20 03:00:00	f
cmi61mbii0016vpyhtyvajhcb	cmi61mb3x000svpyhh85qzlsn	2025-11-20 03:00:00	2025-11-20 04:00:00	f
cmi61mbii0017vpyhncuspuq7	cmi61mb3x000svpyhh85qzlsn	2025-11-20 04:00:00	2025-11-20 05:00:00	f
cmi61mbii0018vpyh0siokzk5	cmi61mb3x000svpyhh85qzlsn	2025-11-20 05:00:00	2025-11-20 06:00:00	f
cmi61mbii0019vpyhsycvuake	cmi61mb3x000svpyhh85qzlsn	2025-11-20 06:00:00	2025-11-20 07:00:00	f
cmi61mbii001avpyh555p6mgk	cmi61mb3x000svpyhh85qzlsn	2025-11-20 07:00:00	2025-11-20 08:00:00	f
cmi61mbii001bvpyhzw3a7tgr	cmi61mb3x000svpyhh85qzlsn	2025-11-20 08:00:00	2025-11-20 09:00:00	f
cmi61mbii001cvpyhmmv3fl4q	cmi61mb3x000svpyhh85qzlsn	2025-11-20 09:00:00	2025-11-20 10:00:00	f
cmi61mbii001dvpyhejcjowjb	cmi61mb3x000svpyhh85qzlsn	2025-11-20 10:00:00	2025-11-20 11:00:00	f
cmhsnbak80004vp7g2hbtf1vf	cmhsn6ytp0000vpu1yzlk4hq1	2025-11-10 05:30:00	2025-11-10 06:00:00	f
cmi61mbii001evpyh00esda2m	cmi61mb3x000svpyhh85qzlsn	2025-11-20 11:00:00	2025-11-20 12:00:00	f
cmi61mbii001fvpyh2zqjneyw	cmi61mb3x000svpyhh85qzlsn	2025-11-20 12:00:00	2025-11-20 13:00:00	f
cmi61mbii001gvpyhz10xqkou	cmi61mb3x000svpyhh85qzlsn	2025-11-20 13:00:00	2025-11-20 14:00:00	f
cmi61mchd001jvpyhbvq3af8s	cmi61mc3o001hvpyh6jaecday	2025-11-19 15:00:00	2025-11-19 16:00:00	f
cmi61mchd001kvpyhnyeoppjf	cmi61mc3o001hvpyh6jaecday	2025-11-19 16:00:00	2025-11-19 17:00:00	f
cmi61mchd001lvpyh02pfje2b	cmi61mc3o001hvpyh6jaecday	2025-11-19 17:00:00	2025-11-19 18:00:00	f
cmi61mchd001mvpyhb0v7i3qr	cmi61mc3o001hvpyh6jaecday	2025-11-19 18:00:00	2025-11-19 19:00:00	f
cmi61mchd001nvpyh1k7adjz3	cmi61mc3o001hvpyh6jaecday	2025-11-19 19:00:00	2025-11-19 20:00:00	f
cmi61mchd001ovpyh78qxkpjx	cmi61mc3o001hvpyh6jaecday	2025-11-19 20:00:00	2025-11-19 21:00:00	f
cmi61mchd001pvpyh9y8ks386	cmi61mc3o001hvpyh6jaecday	2025-11-19 21:00:00	2025-11-19 22:00:00	f
cmi61mchd001qvpyhmrnowofb	cmi61mc3o001hvpyh6jaecday	2025-11-19 22:00:00	2025-11-19 23:00:00	f
cmi61mchd001rvpyhvrc5z81h	cmi61mc3o001hvpyh6jaecday	2025-11-19 23:00:00	2025-11-20 00:00:00	f
cmi61mchd001svpyh1n0l75fn	cmi61mc3o001hvpyh6jaecday	2025-11-20 00:00:00	2025-11-20 01:00:00	f
cmi61mchd001tvpyh5ln7zqru	cmi61mc3o001hvpyh6jaecday	2025-11-20 01:00:00	2025-11-20 02:00:00	f
cmi61mchd001uvpyh223qewdc	cmi61mc3o001hvpyh6jaecday	2025-11-20 02:00:00	2025-11-20 03:00:00	f
cmi61mchd001vvpyhavrszx8d	cmi61mc3o001hvpyh6jaecday	2025-11-20 03:00:00	2025-11-20 04:00:00	f
cmi61mchd001wvpyhfjnge34n	cmi61mc3o001hvpyh6jaecday	2025-11-20 04:00:00	2025-11-20 05:00:00	f
cmi61mchd001xvpyhmzkwbzmm	cmi61mc3o001hvpyh6jaecday	2025-11-20 05:00:00	2025-11-20 06:00:00	f
cmi61mchd001yvpyhdxtc76pr	cmi61mc3o001hvpyh6jaecday	2025-11-20 06:00:00	2025-11-20 07:00:00	f
cmi61mchd001zvpyhec45jwkp	cmi61mc3o001hvpyh6jaecday	2025-11-20 07:00:00	2025-11-20 08:00:00	f
cmi61mchd0020vpyh6zsxsu7c	cmi61mc3o001hvpyh6jaecday	2025-11-20 08:00:00	2025-11-20 09:00:00	f
cmi61mchd0021vpyhbmy912m2	cmi61mc3o001hvpyh6jaecday	2025-11-20 09:00:00	2025-11-20 10:00:00	f
cmi61mchd0022vpyhe29ugi7a	cmi61mc3o001hvpyh6jaecday	2025-11-20 10:00:00	2025-11-20 11:00:00	f
cmi61mchd0023vpyh58nyilio	cmi61mc3o001hvpyh6jaecday	2025-11-20 11:00:00	2025-11-20 12:00:00	f
cmi61mchd0024vpyhpg035rhl	cmi61mc3o001hvpyh6jaecday	2025-11-20 12:00:00	2025-11-20 13:00:00	f
cmi61mchd0025vpyhcfk703pg	cmi61mc3o001hvpyh6jaecday	2025-11-20 13:00:00	2025-11-20 14:00:00	f
cmi61mdge0027vpyhu0atc434	cmi61md4p0026vpyhll9l5ll2	2025-11-19 14:00:00	2025-11-19 15:00:00	f
cmi61mdge0028vpyhjusuqx4d	cmi61md4p0026vpyhll9l5ll2	2025-11-19 15:00:00	2025-11-19 16:00:00	f
cmi61mdge0029vpyhyyjj3wiv	cmi61md4p0026vpyhll9l5ll2	2025-11-19 16:00:00	2025-11-19 17:00:00	f
cmi61mdge002avpyhp7fvx175	cmi61md4p0026vpyhll9l5ll2	2025-11-19 17:00:00	2025-11-19 18:00:00	f
cmi61mdge002bvpyhno9fgb25	cmi61md4p0026vpyhll9l5ll2	2025-11-19 18:00:00	2025-11-19 19:00:00	f
cmi61mdge002cvpyh9yckvthm	cmi61md4p0026vpyhll9l5ll2	2025-11-19 19:00:00	2025-11-19 20:00:00	f
cmi61mdge002dvpyh9jczin0r	cmi61md4p0026vpyhll9l5ll2	2025-11-19 20:00:00	2025-11-19 21:00:00	f
cmi61mdge002evpyhmysbogju	cmi61md4p0026vpyhll9l5ll2	2025-11-19 21:00:00	2025-11-19 22:00:00	f
cmi61mdge002fvpyhy88617ra	cmi61md4p0026vpyhll9l5ll2	2025-11-19 22:00:00	2025-11-19 23:00:00	f
cmi61mdge002gvpyh28t8wsx5	cmi61md4p0026vpyhll9l5ll2	2025-11-19 23:00:00	2025-11-20 00:00:00	f
cmi61mdge002hvpyhbyllki37	cmi61md4p0026vpyhll9l5ll2	2025-11-20 00:00:00	2025-11-20 01:00:00	f
cmi61mdge002ivpyhmaag88zb	cmi61md4p0026vpyhll9l5ll2	2025-11-20 01:00:00	2025-11-20 02:00:00	f
cmi61mdge002jvpyhakxqja3n	cmi61md4p0026vpyhll9l5ll2	2025-11-20 02:00:00	2025-11-20 03:00:00	f
cmi61mdge002kvpyhtauxmlv9	cmi61md4p0026vpyhll9l5ll2	2025-11-20 03:00:00	2025-11-20 04:00:00	f
cmi61mdge002lvpyhe8as08r6	cmi61md4p0026vpyhll9l5ll2	2025-11-20 04:00:00	2025-11-20 05:00:00	f
cmi61mdge002mvpyhlpyfq963	cmi61md4p0026vpyhll9l5ll2	2025-11-20 05:00:00	2025-11-20 06:00:00	f
cmi61mdge002nvpyhp6t14yek	cmi61md4p0026vpyhll9l5ll2	2025-11-20 06:00:00	2025-11-20 07:00:00	f
cmi61mdge002ovpyh5067r9ot	cmi61md4p0026vpyhll9l5ll2	2025-11-20 07:00:00	2025-11-20 08:00:00	f
cmi61mdge002pvpyh1knbde65	cmi61md4p0026vpyhll9l5ll2	2025-11-20 08:00:00	2025-11-20 09:00:00	f
cmi61mdge002qvpyho24bqjt5	cmi61md4p0026vpyhll9l5ll2	2025-11-20 09:00:00	2025-11-20 10:00:00	f
cmi61mdge002rvpyh56bpx2c9	cmi61md4p0026vpyhll9l5ll2	2025-11-20 10:00:00	2025-11-20 11:00:00	f
cmi61mdge002svpyhlkixpvej	cmi61md4p0026vpyhll9l5ll2	2025-11-20 11:00:00	2025-11-20 12:00:00	f
cmi61mdge002tvpyhqpd0mg2a	cmi61md4p0026vpyhll9l5ll2	2025-11-20 12:00:00	2025-11-20 13:00:00	f
cmi61mdge002uvpyh7bonl7cw	cmi61md4p0026vpyhll9l5ll2	2025-11-20 13:00:00	2025-11-20 14:00:00	f
cmi61mef3002wvpyhwqgtiz9z	cmi61me3k002vvpyhgipzueze	2025-11-19 14:00:00	2025-11-19 15:00:00	f
cmi61mef3002xvpyhx4nzbo4q	cmi61me3k002vvpyhgipzueze	2025-11-19 15:00:00	2025-11-19 16:00:00	f
cmi61mef3002yvpyh4dmmwt0a	cmi61me3k002vvpyhgipzueze	2025-11-19 16:00:00	2025-11-19 17:00:00	f
cmi61mef3002zvpyhs1pt6kr6	cmi61me3k002vvpyhgipzueze	2025-11-19 17:00:00	2025-11-19 18:00:00	f
cmi61mef30030vpyhxd8sybyj	cmi61me3k002vvpyhgipzueze	2025-11-19 18:00:00	2025-11-19 19:00:00	f
cmi61mef30031vpyhwy114536	cmi61me3k002vvpyhgipzueze	2025-11-19 19:00:00	2025-11-19 20:00:00	f
cmi61mef30032vpyh44nxcdnd	cmi61me3k002vvpyhgipzueze	2025-11-19 20:00:00	2025-11-19 21:00:00	f
cmi61mef30033vpyhfs06fok9	cmi61me3k002vvpyhgipzueze	2025-11-19 21:00:00	2025-11-19 22:00:00	f
cmi61mef30034vpyh9n9jh199	cmi61me3k002vvpyhgipzueze	2025-11-19 22:00:00	2025-11-19 23:00:00	f
cmi61mef30035vpyhvak579o7	cmi61me3k002vvpyhgipzueze	2025-11-19 23:00:00	2025-11-20 00:00:00	f
cmi61mef30036vpyh5gk34lxc	cmi61me3k002vvpyhgipzueze	2025-11-20 00:00:00	2025-11-20 01:00:00	f
cmi61mef30037vpyhv446bd1b	cmi61me3k002vvpyhgipzueze	2025-11-20 01:00:00	2025-11-20 02:00:00	f
cmi61mef30038vpyh5yes65ng	cmi61me3k002vvpyhgipzueze	2025-11-20 02:00:00	2025-11-20 03:00:00	f
cmi61mef30039vpyht5azhx2g	cmi61me3k002vvpyhgipzueze	2025-11-20 03:00:00	2025-11-20 04:00:00	f
cmi61mef3003avpyhajyfbjh5	cmi61me3k002vvpyhgipzueze	2025-11-20 04:00:00	2025-11-20 05:00:00	f
cmi61mef3003bvpyha9tq1vrw	cmi61me3k002vvpyhgipzueze	2025-11-20 05:00:00	2025-11-20 06:00:00	f
cmi61mef3003cvpyhk4omydam	cmi61me3k002vvpyhgipzueze	2025-11-20 06:00:00	2025-11-20 07:00:00	f
cmi61mef3003dvpyhx8nezwaq	cmi61me3k002vvpyhgipzueze	2025-11-20 07:00:00	2025-11-20 08:00:00	f
cmi61mef3003evpyhu2760yx6	cmi61me3k002vvpyhgipzueze	2025-11-20 08:00:00	2025-11-20 09:00:00	f
cmi61mef3003fvpyh49sddym2	cmi61me3k002vvpyhgipzueze	2025-11-20 09:00:00	2025-11-20 10:00:00	f
cmi61mef3003gvpyhjxxxse93	cmi61me3k002vvpyhgipzueze	2025-11-20 10:00:00	2025-11-20 11:00:00	f
cmi61mef3003hvpyhcwmdrnlw	cmi61me3k002vvpyhgipzueze	2025-11-20 11:00:00	2025-11-20 12:00:00	f
cmi61mef3003ivpyh6g0dofqo	cmi61me3k002vvpyhgipzueze	2025-11-20 12:00:00	2025-11-20 13:00:00	f
cmi61mef3003jvpyhmdk1gbfq	cmi61me3k002vvpyhgipzueze	2025-11-20 13:00:00	2025-11-20 14:00:00	f
cmi61mfk2003pvpyhfi43qo0n	cmi61mf2w003kvpyh8jexw5fs	2025-11-19 18:00:00	2025-11-19 19:00:00	f
cmi61mfk2003qvpyhw8zsthwe	cmi61mf2w003kvpyh8jexw5fs	2025-11-19 19:00:00	2025-11-19 20:00:00	f
cmi61mfk2003rvpyh2gqiwkwk	cmi61mf2w003kvpyh8jexw5fs	2025-11-19 20:00:00	2025-11-19 21:00:00	f
cmi61mfk2003svpyh0selw8sf	cmi61mf2w003kvpyh8jexw5fs	2025-11-19 21:00:00	2025-11-19 22:00:00	f
cmi61mfk2003tvpyhgiivteaj	cmi61mf2w003kvpyh8jexw5fs	2025-11-19 22:00:00	2025-11-19 23:00:00	f
cmi61mfk2003uvpyhqqou2e0z	cmi61mf2w003kvpyh8jexw5fs	2025-11-19 23:00:00	2025-11-20 00:00:00	f
cmi61mfk3003vvpyh1vwobm3d	cmi61mf2w003kvpyh8jexw5fs	2025-11-20 00:00:00	2025-11-20 01:00:00	f
cmi61mfk3003wvpyhvm7phw9a	cmi61mf2w003kvpyh8jexw5fs	2025-11-20 01:00:00	2025-11-20 02:00:00	f
cmi61mfk3003xvpyhlp7twl7n	cmi61mf2w003kvpyh8jexw5fs	2025-11-20 02:00:00	2025-11-20 03:00:00	f
cmi61mfk3003yvpyhkbn3zlz4	cmi61mf2w003kvpyh8jexw5fs	2025-11-20 03:00:00	2025-11-20 04:00:00	f
cmi61mfk3003zvpyhtqpkae5d	cmi61mf2w003kvpyh8jexw5fs	2025-11-20 04:00:00	2025-11-20 05:00:00	f
cmi61mfk30040vpyh5riupk0r	cmi61mf2w003kvpyh8jexw5fs	2025-11-20 05:00:00	2025-11-20 06:00:00	f
cmi61mfk30041vpyhrdwe7ihk	cmi61mf2w003kvpyh8jexw5fs	2025-11-20 06:00:00	2025-11-20 07:00:00	f
cmi61mfk30042vpyhjsrx5idj	cmi61mf2w003kvpyh8jexw5fs	2025-11-20 07:00:00	2025-11-20 08:00:00	f
cmi61mfk30043vpyhz1dmjmmg	cmi61mf2w003kvpyh8jexw5fs	2025-11-20 08:00:00	2025-11-20 09:00:00	f
cmi61mfk30044vpyhlte5q9z8	cmi61mf2w003kvpyh8jexw5fs	2025-11-20 09:00:00	2025-11-20 10:00:00	f
cmi61mfk30045vpyhijs01xb8	cmi61mf2w003kvpyh8jexw5fs	2025-11-20 10:00:00	2025-11-20 11:00:00	f
cmi61mfk30046vpyhx5kb9tjm	cmi61mf2w003kvpyh8jexw5fs	2025-11-20 11:00:00	2025-11-20 12:00:00	f
cmi61mfk30047vpyhwzm3pv3q	cmi61mf2w003kvpyh8jexw5fs	2025-11-20 12:00:00	2025-11-20 13:00:00	f
cmi61mfk30048vpyhpbzmuyor	cmi61mf2w003kvpyh8jexw5fs	2025-11-20 13:00:00	2025-11-20 14:00:00	f
cmi61mgj0004avpyhjykwun0o	cmi61mg1s0049vpyhyylcd6wh	2025-11-19 14:00:00	2025-11-19 15:00:00	f
cmi61mgj0004bvpyhvflo1gg1	cmi61mg1s0049vpyhyylcd6wh	2025-11-19 15:00:00	2025-11-19 16:00:00	f
cmi61mgj0004cvpyhi2m339pn	cmi61mg1s0049vpyhyylcd6wh	2025-11-19 16:00:00	2025-11-19 17:00:00	f
cmi61mgj1004dvpyhpufkpwkg	cmi61mg1s0049vpyhyylcd6wh	2025-11-19 17:00:00	2025-11-19 18:00:00	f
cmi61mgj1004evpyh09e433f2	cmi61mg1s0049vpyhyylcd6wh	2025-11-19 18:00:00	2025-11-19 19:00:00	f
cmi61mgj1004fvpyhfb0zq25q	cmi61mg1s0049vpyhyylcd6wh	2025-11-19 19:00:00	2025-11-19 20:00:00	f
cmi61mgj1004gvpyhexenf38d	cmi61mg1s0049vpyhyylcd6wh	2025-11-19 20:00:00	2025-11-19 21:00:00	f
cmi61mgj1004hvpyhxwf64a34	cmi61mg1s0049vpyhyylcd6wh	2025-11-19 21:00:00	2025-11-19 22:00:00	f
cmi61mgj1004ivpyhz05oh04g	cmi61mg1s0049vpyhyylcd6wh	2025-11-19 22:00:00	2025-11-19 23:00:00	f
cmi61mgj1004jvpyhoatpaos7	cmi61mg1s0049vpyhyylcd6wh	2025-11-19 23:00:00	2025-11-20 00:00:00	f
cmi61mgj1004kvpyh5j7mqxh0	cmi61mg1s0049vpyhyylcd6wh	2025-11-20 00:00:00	2025-11-20 01:00:00	f
cmi61mgj1004lvpyh2oyjb0ia	cmi61mg1s0049vpyhyylcd6wh	2025-11-20 01:00:00	2025-11-20 02:00:00	f
cmi61mgj1004mvpyh56ovikg6	cmi61mg1s0049vpyhyylcd6wh	2025-11-20 02:00:00	2025-11-20 03:00:00	f
cmi61mgj1004nvpyhf68wskle	cmi61mg1s0049vpyhyylcd6wh	2025-11-20 03:00:00	2025-11-20 04:00:00	f
cmi61mgj1004ovpyh2wog895t	cmi61mg1s0049vpyhyylcd6wh	2025-11-20 04:00:00	2025-11-20 05:00:00	f
cmi61mgj1004pvpyh50r4mlu1	cmi61mg1s0049vpyhyylcd6wh	2025-11-20 05:00:00	2025-11-20 06:00:00	f
cmi61mgj1004qvpyhtma5y20o	cmi61mg1s0049vpyhyylcd6wh	2025-11-20 06:00:00	2025-11-20 07:00:00	f
cmi61mgj1004rvpyherjhhggr	cmi61mg1s0049vpyhyylcd6wh	2025-11-20 07:00:00	2025-11-20 08:00:00	f
cmi61mgj1004svpyhkuuhitm9	cmi61mg1s0049vpyhyylcd6wh	2025-11-20 08:00:00	2025-11-20 09:00:00	f
cmi61mgj1004tvpyh4ys4b01d	cmi61mg1s0049vpyhyylcd6wh	2025-11-20 09:00:00	2025-11-20 10:00:00	f
cmi61mgj1004uvpyho1iiy4ee	cmi61mg1s0049vpyhyylcd6wh	2025-11-20 10:00:00	2025-11-20 11:00:00	f
cmi61mgj1004vvpyhvfvkpaba	cmi61mg1s0049vpyhyylcd6wh	2025-11-20 11:00:00	2025-11-20 12:00:00	f
cmi61mgj1004wvpyhyfjr033x	cmi61mg1s0049vpyhyylcd6wh	2025-11-20 12:00:00	2025-11-20 13:00:00	f
cmi61mgj1004xvpyhnjsxoaec	cmi61mg1s0049vpyhyylcd6wh	2025-11-20 13:00:00	2025-11-20 14:00:00	f
cmi61mhi1004zvpyhjhi9zg49	cmi61mh6g004yvpyhylarfyu7	2025-11-19 14:00:00	2025-11-19 15:00:00	f
cmi61mhi10050vpyh9lxkpikk	cmi61mh6g004yvpyhylarfyu7	2025-11-19 15:00:00	2025-11-19 16:00:00	f
cmi61mhi10051vpyhcsfqnc4v	cmi61mh6g004yvpyhylarfyu7	2025-11-19 16:00:00	2025-11-19 17:00:00	f
cmi61mhi10052vpyhvxkknkik	cmi61mh6g004yvpyhylarfyu7	2025-11-19 17:00:00	2025-11-19 18:00:00	f
cmi61mhi10053vpyhfgrizqkv	cmi61mh6g004yvpyhylarfyu7	2025-11-19 18:00:00	2025-11-19 19:00:00	f
cmi61mhi10054vpyhhuemhxe5	cmi61mh6g004yvpyhylarfyu7	2025-11-19 19:00:00	2025-11-19 20:00:00	f
cmi61mhi10055vpyhy2brz7ey	cmi61mh6g004yvpyhylarfyu7	2025-11-19 20:00:00	2025-11-19 21:00:00	f
cmi61mhi10056vpyhesfu62di	cmi61mh6g004yvpyhylarfyu7	2025-11-19 21:00:00	2025-11-19 22:00:00	f
cmi61mhi10057vpyhlkgrhli4	cmi61mh6g004yvpyhylarfyu7	2025-11-19 22:00:00	2025-11-19 23:00:00	f
cmi61mhi10058vpyhet5xd70c	cmi61mh6g004yvpyhylarfyu7	2025-11-19 23:00:00	2025-11-20 00:00:00	f
cmi61mhi10059vpyhj67ayxu8	cmi61mh6g004yvpyhylarfyu7	2025-11-20 00:00:00	2025-11-20 01:00:00	f
cmi61mhi1005avpyh7e4fe0pw	cmi61mh6g004yvpyhylarfyu7	2025-11-20 01:00:00	2025-11-20 02:00:00	f
cmi61mhi1005bvpyh4g78e9l5	cmi61mh6g004yvpyhylarfyu7	2025-11-20 02:00:00	2025-11-20 03:00:00	f
cmi61mhi1005cvpyhw2uq0jbf	cmi61mh6g004yvpyhylarfyu7	2025-11-20 03:00:00	2025-11-20 04:00:00	f
cmi61mhi1005dvpyh1ap90c2e	cmi61mh6g004yvpyhylarfyu7	2025-11-20 04:00:00	2025-11-20 05:00:00	f
cmi61mhi1005evpyhnobprsyn	cmi61mh6g004yvpyhylarfyu7	2025-11-20 05:00:00	2025-11-20 06:00:00	f
cmi61mhi1005fvpyhfk23qjx1	cmi61mh6g004yvpyhylarfyu7	2025-11-20 06:00:00	2025-11-20 07:00:00	f
cmi61mhi1005gvpyhtdu27xvp	cmi61mh6g004yvpyhylarfyu7	2025-11-20 07:00:00	2025-11-20 08:00:00	f
cmi61mhi1005hvpyha1pi5dks	cmi61mh6g004yvpyhylarfyu7	2025-11-20 08:00:00	2025-11-20 09:00:00	f
cmi61mhi1005ivpyh0y0ot7a4	cmi61mh6g004yvpyhylarfyu7	2025-11-20 09:00:00	2025-11-20 10:00:00	f
cmi61mhi1005jvpyhz74rwa3m	cmi61mh6g004yvpyhylarfyu7	2025-11-20 10:00:00	2025-11-20 11:00:00	f
cmi61mhi1005kvpyh3e8uuahp	cmi61mh6g004yvpyhylarfyu7	2025-11-20 11:00:00	2025-11-20 12:00:00	f
cmi61mhi1005lvpyhoshln77z	cmi61mh6g004yvpyhylarfyu7	2025-11-20 12:00:00	2025-11-20 13:00:00	f
cmi61mhi1005mvpyhtcsr50nu	cmi61mh6g004yvpyhylarfyu7	2025-11-20 13:00:00	2025-11-20 14:00:00	f
cmi841k5k0001vpmedxq1gpsy	cmi7wj9q30000vphqmtek6jfw	2025-11-23 15:00:00	2025-11-23 15:30:00	f
cmi841kxz0003vpmeqpyso2n9	cmi7wj9q30000vphqmtek6jfw	2025-11-23 15:30:00	2025-11-23 16:00:00	f
cmi841l3z0005vpmemci8rua8	cmi7wj9q30000vphqmtek6jfw	2025-11-23 16:00:00	2025-11-23 16:30:00	f
cmi841lbj0007vpme1n5x1ume	cmi7wj9q30000vphqmtek6jfw	2025-11-23 16:30:00	2025-11-23 17:00:00	f
cmi841lhr0009vpmefnxwicvg	cmi7wj9q30000vphqmtek6jfw	2025-11-23 17:00:00	2025-11-23 17:30:00	f
cmi841lq2000bvpme0pn9n0jp	cmi7wj9q30000vphqmtek6jfw	2025-11-23 17:30:00	2025-11-23 18:00:00	f
cmi841lvw000dvpme9kqud0g4	cmi7wj9q30000vphqmtek6jfw	2025-11-23 18:00:00	2025-11-23 18:30:00	f
cmi841m1p000fvpmeivxlelz3	cmi7wj9q30000vphqmtek6jfw	2025-11-23 18:30:00	2025-11-23 19:00:00	f
cmi841m7l000hvpmep6uzqx5t	cmi7wj9q30000vphqmtek6jfw	2025-11-23 19:00:00	2025-11-23 19:30:00	f
cmi841mly000jvpmeu4h2nbmy	cmi7wj9q30000vphqmtek6jfw	2025-11-23 19:30:00	2025-11-23 20:00:00	f
cmi841mu3000lvpme57n3heim	cmi7wj9q30000vphqmtek6jfw	2025-11-23 20:00:00	2025-11-23 20:30:00	f
cmi841mzx000nvpmexkdbl4ij	cmi7wj9q30000vphqmtek6jfw	2025-11-23 20:30:00	2025-11-23 21:00:00	f
cmi841nei000pvpmek6e5m7wh	cmi7wj9q30000vphqmtek6jfw	2025-11-23 21:00:00	2025-11-23 21:30:00	f
cmi841nob000rvpmesxiijs75	cmi7wj9q30000vphqmtek6jfw	2025-11-23 21:30:00	2025-11-23 22:00:00	f
cmi841nwl000tvpmen6t6oudh	cmi7wj9q30000vphqmtek6jfw	2025-11-23 22:00:00	2025-11-23 22:30:00	f
cmi841o68000vvpmebo4nu26t	cmi7wj9q30000vphqmtek6jfw	2025-11-23 22:30:00	2025-11-23 23:00:00	f
cmi841thl000xvpme1lfnhzd3	cmi7wj9q30000vphqmtek6jfw	2025-11-22 15:00:00	2025-11-22 15:30:00	f
cmi841ttl000zvpme0psro4va	cmi7wj9q30000vphqmtek6jfw	2025-11-22 15:30:00	2025-11-22 16:00:00	f
cmi841tzr0011vpmemw2bz13e	cmi7wj9q30000vphqmtek6jfw	2025-11-22 16:00:00	2025-11-22 16:30:00	f
cmi841u7v0013vpme3lqo07iy	cmi7wj9q30000vphqmtek6jfw	2025-11-22 16:30:00	2025-11-22 17:00:00	f
cmi841udr0015vpmek0944per	cmi7wj9q30000vphqmtek6jfw	2025-11-22 17:00:00	2025-11-22 17:30:00	f
cmi841umg0017vpmeacytzeid	cmi7wj9q30000vphqmtek6jfw	2025-11-22 17:30:00	2025-11-22 18:00:00	f
cmi841usa0019vpmej9ntg431	cmi7wj9q30000vphqmtek6jfw	2025-11-22 18:00:00	2025-11-22 18:30:00	f
cmi841uy5001bvpmeav1zfv1k	cmi7wj9q30000vphqmtek6jfw	2025-11-22 18:30:00	2025-11-22 19:00:00	f
cmi841vfj001dvpmelcg8llz8	cmi7wj9q30000vphqmtek6jfw	2025-11-22 19:00:00	2025-11-22 19:30:00	f
cmi841vld001fvpmeosxm8quc	cmi7wj9q30000vphqmtek6jfw	2025-11-22 19:30:00	2025-11-22 20:00:00	f
cmi841vrf001hvpme7i7sckwx	cmi7wj9q30000vphqmtek6jfw	2025-11-22 20:00:00	2025-11-22 20:30:00	f
cmi841vzg001jvpme4r5nle3u	cmi7wj9q30000vphqmtek6jfw	2025-11-22 20:30:00	2025-11-22 21:00:00	f
cmi841we2001lvpme511qg7c8	cmi7wj9q30000vphqmtek6jfw	2025-11-22 21:00:00	2025-11-22 21:30:00	f
cmi841wp2001nvpmewm5hz8x5	cmi7wj9q30000vphqmtek6jfw	2025-11-22 21:30:00	2025-11-22 22:00:00	f
cmi841wve001pvpmeg4pyqk6c	cmi7wj9q30000vphqmtek6jfw	2025-11-22 22:00:00	2025-11-22 22:30:00	f
cmi841x1w001rvpme3zfjwdfi	cmi7wj9q30000vphqmtek6jfw	2025-11-22 22:30:00	2025-11-22 23:00:00	f
cmi84228a0025vpmemb536nae	cmi7wj9q30000vphqmtek6jfw	2025-11-21 18:00:00	2025-11-21 18:30:00	f
cmi8422e40027vpmeysp18fzf	cmi7wj9q30000vphqmtek6jfw	2025-11-21 18:30:00	2025-11-21 19:00:00	f
cmi8422pr0029vpmep8wm2cgk	cmi7wj9q30000vphqmtek6jfw	2025-11-21 19:00:00	2025-11-21 19:30:00	f
cmi8422vl002bvpmeaxk17sj2	cmi7wj9q30000vphqmtek6jfw	2025-11-21 19:30:00	2025-11-21 20:00:00	f
cmi84239n002dvpmeu39o35aj	cmi7wj9q30000vphqmtek6jfw	2025-11-21 20:00:00	2025-11-21 20:30:00	f
cmi8424dn002hvpmeaqcm2mgx	cmi7wj9q30000vphqmtek6jfw	2025-11-21 21:00:00	2025-11-21 21:30:00	f
cmi8424qm002jvpme9t34xn38	cmi7wj9q30000vphqmtek6jfw	2025-11-21 21:30:00	2025-11-21 22:00:00	f
cmi8424xi002lvpmermsbh605	cmi7wj9q30000vphqmtek6jfw	2025-11-21 22:00:00	2025-11-21 22:30:00	f
cmi842554002nvpmez7socv4m	cmi7wj9q30000vphqmtek6jfw	2025-11-21 22:30:00	2025-11-21 23:00:00	f
cmi842iwz003lvpme5bl8jyxa	cmi7wj9q30000vphqmtek6jfw	2025-11-25 15:00:00	2025-11-25 15:30:00	f
cmi842jbs003nvpmejk4grm51	cmi7wj9q30000vphqmtek6jfw	2025-11-25 15:30:00	2025-11-25 16:00:00	f
cmi842jho003pvpmeo18sileu	cmi7wj9q30000vphqmtek6jfw	2025-11-25 16:00:00	2025-11-25 16:30:00	f
cmi842jqa003rvpmebz78o2r7	cmi7wj9q30000vphqmtek6jfw	2025-11-25 16:30:00	2025-11-25 17:00:00	f
cmi842k1a003tvpmea60vmrjx	cmi7wj9q30000vphqmtek6jfw	2025-11-25 17:00:00	2025-11-25 17:30:00	f
cmi842k78003vvpme6ns7060d	cmi7wj9q30000vphqmtek6jfw	2025-11-25 17:30:00	2025-11-25 18:00:00	f
cmi842kl7003xvpme3vzoql69	cmi7wj9q30000vphqmtek6jfw	2025-11-25 18:00:00	2025-11-25 18:30:00	f
cmi842kz3003zvpmedl5e1n9o	cmi7wj9q30000vphqmtek6jfw	2025-11-25 18:30:00	2025-11-25 19:00:00	f
cmi842ld70041vpmel9sep6jr	cmi7wj9q30000vphqmtek6jfw	2025-11-25 19:00:00	2025-11-25 19:30:00	f
cmi842lrh0043vpme87yivbkm	cmi7wj9q30000vphqmtek6jfw	2025-11-25 19:30:00	2025-11-25 20:00:00	f
cmi842mku0045vpme25zt997p	cmi7wj9q30000vphqmtek6jfw	2025-11-25 20:00:00	2025-11-25 20:30:00	f
cmi842n0z0047vpme9cx0x1fz	cmi7wj9q30000vphqmtek6jfw	2025-11-25 20:30:00	2025-11-25 21:00:00	f
cmi842n9q0049vpme3x3zwl34	cmi7wj9q30000vphqmtek6jfw	2025-11-25 21:00:00	2025-11-25 21:30:00	f
cmi8421an001vvpmewvstetj7	cmi7wj9q30000vphqmtek6jfw	2025-11-21 15:30:00	2025-11-21 16:00:00	f
cmi8421i0001xvpmek18vutwu	cmi7wj9q30000vphqmtek6jfw	2025-11-21 16:00:00	2025-11-21 16:30:00	f
cmi8421wm0021vpme3tdzpyob	cmi7wj9q30000vphqmtek6jfw	2025-11-21 17:00:00	2025-11-21 17:30:00	f
cmi84222h0023vpmeiosyc9lb	cmi7wj9q30000vphqmtek6jfw	2025-11-21 17:30:00	2025-11-21 18:00:00	f
cmi8421nu001zvpmel2fjj625	cmi7wj9q30000vphqmtek6jfw	2025-11-21 16:30:00	2025-11-21 17:00:00	f
cmi842420002fvpme37jh8qnw	cmi7wj9q30000vphqmtek6jfw	2025-11-21 20:30:00	2025-11-21 21:00:00	f
cmi842nfo004bvpmevhstcdyp	cmi7wj9q30000vphqmtek6jfw	2025-11-25 21:30:00	2025-11-25 22:00:00	f
cmi842nz1004dvpmeonxbxlrh	cmi7wj9q30000vphqmtek6jfw	2025-11-25 22:00:00	2025-11-25 22:30:00	f
cmi842oaz004fvpmecz1hn97l	cmi7wj9q30000vphqmtek6jfw	2025-11-25 22:30:00	2025-11-25 23:00:00	f
cmhsnbak80001vp7g5ruikf8a	cmhsn6ytp0000vpu1yzlk4hq1	2025-11-10 04:00:00	2025-11-10 04:30:00	f
cmhsnbak80002vp7ge3dnizeb	cmhsn6ytp0000vpu1yzlk4hq1	2025-11-10 04:30:00	2025-11-10 05:00:00	f
cmhsn6zmj0001vpu14xu73x4n	cmhsn6ytp0000vpu1yzlk4hq1	2025-11-10 05:00:00	2025-11-10 06:00:00	f
cmhsn6zmk0002vpu1wr8u0oph	cmhsn6ytp0000vpu1yzlk4hq1	2025-11-10 06:00:00	2025-11-10 07:00:00	f
cmhsn6zmk0003vpu14e5fi69o	cmhsn6ytp0000vpu1yzlk4hq1	2025-11-10 07:00:00	2025-11-10 08:00:00	f
cmhsn6zmk0004vpu1unq9qwp6	cmhsn6ytp0000vpu1yzlk4hq1	2025-11-10 08:00:00	2025-11-10 09:00:00	f
cmhsnbak8000gvp7g7n255mmp	cmhsn70fj000pvpu10pqgvfy0	2025-11-10 03:30:00	2025-11-10 04:00:00	f
cmhsnbak9000wvp7gk70qoh0q	cmhsn71h9001evpu1zzq0sxei	2025-11-10 03:30:00	2025-11-10 04:00:00	f
cmhsnbak80008vp7gnc7hnda4	cmhsn6ytp0000vpu1yzlk4hq1	2025-11-10 07:30:00	2025-11-10 08:00:00	f
cmhsnbak80006vp7g0ow43req	cmhsn6ytp0000vpu1yzlk4hq1	2025-11-10 06:30:00	2025-11-10 07:00:00	f
cmhsnbakf00aqvp7g6dl1orc8	cmhsn6ytp0000vpu1yzlk4hq1	2025-11-19 04:30:00	2025-11-19 05:00:00	f
cmhsnbakb004avp7gpd9gf5zk	cmhsn6ytp0000vpu1yzlk4hq1	2025-11-13 08:30:00	2025-11-13 09:00:00	f
cmhsnbake009cvp7gp3u14jlk	cmhsn6ytp0000vpu1yzlk4hq1	2025-11-18 03:30:00	2025-11-18 04:00:00	f
cmi61mbih000tvpyh1wb2mvv8	cmi61mb3x000svpyhh85qzlsn	2025-11-19 14:00:00	2025-11-19 15:00:00	f
cmi61mbih000uvpyhyw2qr815	cmi61mb3x000svpyhh85qzlsn	2025-11-19 15:00:00	2025-11-19 16:00:00	f
cmi61maay0004vpyhqh9m5v7g	cmi61m9w90003vpyh35575zjc	2025-11-19 14:00:00	2025-11-19 15:00:00	f
cmi61maay0006vpyhhmykqz1x	cmi61m9w90003vpyh35575zjc	2025-11-19 16:00:00	2025-11-19 17:00:00	f
cmi61maay0007vpyh8x0vb53b	cmi61m9w90003vpyh35575zjc	2025-11-19 17:00:00	2025-11-19 18:00:00	f
cmi61maay0005vpyhg9mdpuzx	cmi61m9w90003vpyh35575zjc	2025-11-19 15:00:00	2025-11-19 16:00:00	f
cmi61mfk2003lvpyh8heawr0k	cmi61mf2w003kvpyh8jexw5fs	2025-11-19 14:00:00	2025-11-19 15:00:00	f
cmi61mfk2003nvpyh0lomjbkv	cmi61mf2w003kvpyh8jexw5fs	2025-11-19 16:00:00	2025-11-19 17:00:00	f
cmi61mfk2003mvpyhfqtfmj8h	cmi61mf2w003kvpyh8jexw5fs	2025-11-19 15:00:00	2025-11-19 16:00:00	f
cmi61mfk2003ovpyhmunkbfu1	cmi61mf2w003kvpyh8jexw5fs	2025-11-19 17:00:00	2025-11-19 18:00:00	f
cmi61mchd001ivpyhiwjgctgq	cmi61mc3o001hvpyh6jaecday	2025-11-19 14:00:00	2025-11-19 15:00:00	f
cmi84213h001tvpmehsizz4ml	cmi7wj9q30000vphqmtek6jfw	2025-11-21 15:00:00	2025-11-21 15:30:00	t
\.


--
-- Data for Name: VisitNote; Type: TABLE DATA; Schema: public; Owner: neondb_owner
--

COPY public."VisitNote" (id, "appointmentId", text, "createdAt", "updatedAt") FROM stdin;
\.


--
-- Data for Name: WebhookEvent; Type: TABLE DATA; Schema: public; Owner: neondb_owner
--

COPY public."WebhookEvent" (id, source, "eventId", type, "orderId", payload, "createdAt") FROM stdin;
cmhtkxxnj0007vpdka9kxdlo9	razorpay	pay_ReAIHyF7BSkZh8	payment.authorized	order_ReAHvRRIhxgVpL	{"event": "payment.authorized", "entity": "event", "payload": {"payment": {"entity": {"id": "pay_ReAIHyF7BSkZh8", "fee": null, "tax": null, "vpa": null, "bank": null, "card": {"id": "card_ReAII7zCcKkM0G", "emi": false, "name": "", "type": "credit", "last4": "0008", "entity": "card", "issuer": null, "network": "MasterCard", "sub_type": "consumer", "token_iin": null, "international": false}, "email": "void@razorpay.com", "notes": [], "amount": 49900, "entity": "payment", "method": "card", "reward": null, "status": "authorized", "wallet": null, "card_id": "card_ReAII7zCcKkM0G", "contact": "+919966998831", "captured": false, "currency": "INR", "order_id": "order_ReAHvRRIhxgVpL", "created_at": 1762805596, "error_code": null, "error_step": null, "invoice_id": null, "description": "Consultation", "error_reason": null, "error_source": null, "acquirer_data": {"auth_code": "918474"}, "international": false, "refund_status": null, "amount_refunded": 0, "error_description": null}}}, "contains": ["payment"], "account_id": "acc_RaiMW6gcY4w0JS", "created_at": 1762805603}	2025-11-10 20:13:24.512
cmhtkz8eg000ivpdkpkyhc9k6	razorpay	pay_ReAJO9nFEpNQDl	payment.authorized	order_ReAJBaYHdBXkzi	{"event": "payment.authorized", "entity": "event", "payload": {"payment": {"entity": {"id": "pay_ReAJO9nFEpNQDl", "fee": null, "tax": null, "vpa": null, "bank": null, "card": {"id": "card_ReAJOMYql2WpeI", "emi": false, "name": "", "type": "credit", "last4": "0008", "entity": "card", "issuer": null, "network": "MasterCard", "sub_type": "consumer", "token_iin": null, "international": false}, "email": "void@razorpay.com", "notes": [], "amount": 49900, "entity": "payment", "method": "card", "reward": null, "status": "authorized", "wallet": null, "card_id": "card_ReAJOMYql2WpeI", "contact": "+919966998831", "captured": false, "currency": "INR", "order_id": "order_ReAJBaYHdBXkzi", "created_at": 1762805659, "error_code": null, "error_step": null, "invoice_id": null, "description": "Consultation", "error_reason": null, "error_source": null, "acquirer_data": {"auth_code": "880856"}, "international": false, "refund_status": null, "amount_refunded": 0, "error_description": null}}}, "contains": ["payment"], "account_id": "acc_RaiMW6gcY4w0JS", "created_at": 1762805664}	2025-11-10 20:14:25.096
cmhtwk33l000bvpi2d3wcu18p	razorpay	pay_ReFpmjeFilx5Mb	payment.captured	order_ReFpY8Jxh4wgXN	{"event": "payment.captured", "entity": "event", "payload": {"payment": {"entity": {"id": "pay_ReFpmjeFilx5Mb", "fee": 998, "tax": 0, "vpa": null, "bank": null, "card": {"id": "card_ReFpmuKfydUijH", "emi": false, "name": "", "type": "credit", "last4": "0008", "entity": "card", "issuer": null, "network": "MasterCard", "sub_type": "consumer", "token_iin": null, "international": false}, "email": "void@razorpay.com", "notes": [], "amount": 49900, "entity": "payment", "method": "card", "reward": null, "status": "captured", "wallet": null, "card_id": "card_ReFpmuKfydUijH", "contact": "+919966998831", "captured": true, "currency": "INR", "order_id": "order_ReFpY8Jxh4wgXN", "created_at": 1762825107, "error_code": null, "error_step": null, "invoice_id": null, "base_amount": 49900, "description": "Consultation", "error_reason": null, "error_source": null, "acquirer_data": {"auth_code": "877974"}, "international": false, "refund_status": null, "amount_refunded": 0, "error_description": null}}}, "contains": ["payment"], "account_id": "acc_RaiMW6gcY4w0JS", "created_at": 1762825114}	2025-11-11 01:38:33.347
cmhtoarwq0007vpjsvrl890yp	razorpay	pay_ReBtZhp7vgt0A9	payment.authorized	order_ReBtEWMOwSuoMY	{"event": "payment.authorized", "entity": "event", "payload": {"payment": {"entity": {"id": "pay_ReBtZhp7vgt0A9", "fee": null, "tax": null, "vpa": null, "bank": null, "card": {"id": "card_ReBtZrqarBOqYV", "emi": false, "name": "", "type": "credit", "last4": "0008", "entity": "card", "issuer": null, "network": "MasterCard", "sub_type": "consumer", "token_iin": null, "international": false}, "email": "void@razorpay.com", "notes": [], "amount": 49900, "entity": "payment", "method": "card", "reward": null, "status": "authorized", "wallet": null, "card_id": "card_ReBtZrqarBOqYV", "contact": "+919966998831", "captured": false, "currency": "INR", "order_id": "order_ReBtEWMOwSuoMY", "created_at": 1762811236, "error_code": null, "error_step": null, "invoice_id": null, "description": "Consultation", "error_reason": null, "error_source": null, "acquirer_data": {"auth_code": "626630"}, "international": false, "refund_status": null, "amount_refunded": 0, "error_description": null}}}, "contains": ["payment"], "account_id": "acc_RaiMW6gcY4w0JS", "created_at": 1762811241}	2025-11-10 21:47:22.442
cmhtp589w0008vp2yrqrg6284	razorpay	pay_ReCIZqcl5c2FXr	payment.captured	order_ReCILcfRxciRq1	{"event": "payment.captured", "entity": "event", "payload": {"payment": {"entity": {"id": "pay_ReCIZqcl5c2FXr", "fee": 998, "tax": 0, "vpa": null, "bank": null, "card": {"id": "card_ReCIa1EVf59AYg", "emi": false, "name": "", "type": "credit", "last4": "0008", "entity": "card", "issuer": null, "network": "MasterCard", "sub_type": "consumer", "token_iin": null, "international": false}, "email": "void@razorpay.com", "notes": [], "amount": 49900, "entity": "payment", "method": "card", "reward": null, "status": "captured", "wallet": null, "card_id": "card_ReCIa1EVf59AYg", "contact": "+919966998831", "captured": true, "currency": "INR", "order_id": "order_ReCILcfRxciRq1", "created_at": 1762812656, "error_code": null, "error_step": null, "invoice_id": null, "base_amount": 49900, "description": "Consultation", "error_reason": null, "error_source": null, "acquirer_data": {"auth_code": "124718"}, "international": false, "refund_status": null, "amount_refunded": 0, "error_description": null}}}, "contains": ["payment"], "account_id": "acc_RaiMW6gcY4w0JS", "created_at": 1762812662}	2025-11-10 22:11:03.332
cmhtpkqhz0007vpgegnwbgln9	razorpay	pay_ReCVJuXCYMBbj6	payment.authorized	order_ReCV5yJQlozY9W	{"event": "payment.authorized", "entity": "event", "payload": {"payment": {"entity": {"id": "pay_ReCVJuXCYMBbj6", "fee": null, "tax": null, "vpa": null, "bank": null, "card": {"id": "card_ReCVK61fUYZcdw", "emi": false, "name": "", "type": "credit", "last4": "0008", "entity": "card", "issuer": null, "network": "MasterCard", "sub_type": "consumer", "token_iin": null, "international": false}, "email": "void@razorpay.com", "notes": [], "amount": 49900, "entity": "payment", "method": "card", "reward": null, "status": "authorized", "wallet": null, "card_id": "card_ReCVK61fUYZcdw", "contact": "+919966998831", "captured": false, "currency": "INR", "order_id": "order_ReCV5yJQlozY9W", "created_at": 1762813380, "error_code": null, "error_step": null, "invoice_id": null, "description": "Consultation", "error_reason": null, "error_source": null, "acquirer_data": {"auth_code": "753010"}, "international": false, "refund_status": null, "amount_refunded": 0, "error_description": null}}}, "contains": ["payment"], "account_id": "acc_RaiMW6gcY4w0JS", "created_at": 1762813386}	2025-11-10 22:23:06.79
cmhtwqule000nvpi2ms7tb5hp	razorpay	pay_ReFvN0mPOb6OV1	payment.authorized	order_ReFv99ncNZoXJ5	{"event": "payment.authorized", "entity": "event", "payload": {"payment": {"entity": {"id": "pay_ReFvN0mPOb6OV1", "fee": null, "tax": null, "vpa": null, "bank": null, "card": {"id": "card_ReFvNAOIA9jMhh", "emi": false, "name": "", "type": "credit", "last4": "0008", "entity": "card", "issuer": null, "network": "MasterCard", "sub_type": "consumer", "token_iin": null, "international": false}, "email": "void@razorpay.com", "notes": [], "amount": 49900, "entity": "payment", "method": "card", "reward": null, "status": "authorized", "wallet": null, "card_id": "card_ReFvNAOIA9jMhh", "contact": "+919966998831", "captured": false, "currency": "INR", "order_id": "order_ReFv99ncNZoXJ5", "created_at": 1762825424, "error_code": null, "error_step": null, "invoice_id": null, "description": "Consultation", "error_reason": null, "error_source": null, "acquirer_data": {"auth_code": "440123"}, "international": false, "refund_status": null, "amount_refunded": 0, "error_description": null}}}, "contains": ["payment"], "account_id": "acc_RaiMW6gcY4w0JS", "created_at": 1762825430}	2025-11-11 01:43:49.346
cmhtwspr1000xvpi2jl36ro78	razorpay	pay_ReFwvLzpMhgL6a	payment.authorized	order_ReFwhpnGy8BwDg	{"event": "payment.authorized", "entity": "event", "payload": {"payment": {"entity": {"id": "pay_ReFwvLzpMhgL6a", "fee": null, "tax": null, "vpa": null, "bank": null, "card": {"id": "card_ReFwvW4dc0TrOK", "emi": false, "name": "", "type": "credit", "last4": "0008", "entity": "card", "issuer": null, "network": "MasterCard", "sub_type": "consumer", "token_iin": null, "international": false}, "email": "void@razorpay.com", "notes": [], "amount": 49900, "entity": "payment", "method": "card", "reward": null, "status": "authorized", "wallet": null, "card_id": "card_ReFwvW4dc0TrOK", "contact": "+919966998831", "captured": false, "currency": "INR", "order_id": "order_ReFwhpnGy8BwDg", "created_at": 1762825512, "error_code": null, "error_step": null, "invoice_id": null, "description": "Consultation", "error_reason": null, "error_source": null, "acquirer_data": {"auth_code": "755901"}, "international": false, "refund_status": null, "amount_refunded": 0, "error_description": null}}}, "contains": ["payment"], "account_id": "acc_RaiMW6gcY4w0JS", "created_at": 1762825517}	2025-11-11 01:45:16.382
cmhtxnzhx0004vpcz0rdxjazm	razorpay	pay_ReGMbAO7nk0EMt	payment.authorized	order_ReGMJCsWEUe3CG	{"event": "payment.authorized", "entity": "event", "payload": {"payment": {"entity": {"id": "pay_ReGMbAO7nk0EMt", "fee": null, "tax": null, "vpa": null, "bank": null, "card": {"id": "card_ReGMbKuw5aKLrh", "emi": false, "name": "", "type": "credit", "last4": "0008", "entity": "card", "issuer": null, "network": "MasterCard", "sub_type": "consumer", "token_iin": null, "international": false}, "email": "void@razorpay.com", "notes": [], "amount": 49900, "entity": "payment", "method": "card", "reward": null, "status": "authorized", "wallet": null, "card_id": "card_ReGMbKuw5aKLrh", "contact": "+919966998831", "captured": false, "currency": "INR", "order_id": "order_ReGMJCsWEUe3CG", "created_at": 1762826971, "error_code": null, "error_step": null, "invoice_id": null, "description": "Consultation", "error_reason": null, "error_source": null, "acquirer_data": {"auth_code": "365065"}, "international": false, "refund_status": null, "amount_refunded": 0, "error_description": null}}}, "contains": ["payment"], "account_id": "acc_RaiMW6gcY4w0JS", "created_at": 1762826976}	2025-11-11 02:09:35.349
cmhu2lt940004vpw38f5karkr	razorpay	pay_ReIieN2WRvVGo1	payment.authorized	order_ReIiO2xIPHmU4C	{"event": "payment.authorized", "entity": "event", "payload": {"payment": {"entity": {"id": "pay_ReIieN2WRvVGo1", "fee": null, "tax": null, "vpa": null, "bank": null, "card": {"id": "card_ReIieYHf7KAkpO", "emi": false, "name": "", "type": "credit", "last4": "0008", "entity": "card", "issuer": null, "network": "MasterCard", "sub_type": "consumer", "token_iin": null, "international": false}, "email": "void@razorpay.com", "notes": [], "amount": 49900, "entity": "payment", "method": "card", "reward": null, "status": "authorized", "wallet": null, "card_id": "card_ReIieYHf7KAkpO", "contact": "+919966998831", "captured": false, "currency": "INR", "order_id": "order_ReIiO2xIPHmU4C", "created_at": 1762835267, "error_code": null, "error_step": null, "invoice_id": null, "description": "Consultation", "error_reason": null, "error_source": null, "acquirer_data": {"auth_code": "562581"}, "international": false, "refund_status": null, "amount_refunded": 0, "error_description": null}}}, "contains": ["payment"], "account_id": "acc_RaiMW6gcY4w0JS", "created_at": 1762835273}	2025-11-11 04:27:52.023
cmhuyu67u0004vp2zqil9hgv2	razorpay	pay_ReY5p6UdjN8JFW	payment.authorized	order_ReY5V5I5Mjecwn	{"event": "payment.authorized", "entity": "event", "payload": {"payment": {"entity": {"id": "pay_ReY5p6UdjN8JFW", "fee": null, "tax": null, "vpa": null, "bank": null, "card": {"id": "card_ReY5pGPQXqt8II", "emi": false, "name": "", "type": "credit", "last4": "0008", "entity": "card", "issuer": null, "network": "MasterCard", "sub_type": "consumer", "token_iin": null, "international": false}, "email": "void@razorpay.com", "notes": [], "amount": 49900, "entity": "payment", "method": "card", "reward": null, "status": "authorized", "wallet": null, "card_id": "card_ReY5pGPQXqt8II", "contact": "+919966998831", "captured": false, "currency": "INR", "order_id": "order_ReY5V5I5Mjecwn", "created_at": 1762889407, "error_code": null, "error_step": null, "invoice_id": null, "description": "Consultation", "error_reason": null, "error_source": null, "acquirer_data": {"auth_code": "334154"}, "international": false, "refund_status": null, "amount_refunded": 0, "error_description": null}}}, "contains": ["payment"], "account_id": "acc_RaiMW6gcY4w0JS", "created_at": 1762889413}	2025-11-11 19:30:09.785
cmhvia5oa0004vpla8bk6vpkd	razorpay	pay_RehMjtFtMUMH5P	payment.authorized	order_RehMLPT8JVCJY9	{"event": "payment.authorized", "entity": "event", "payload": {"payment": {"entity": {"id": "pay_RehMjtFtMUMH5P", "fee": null, "tax": null, "vpa": null, "bank": null, "card": {"id": "card_RehMk40kF1BoLW", "emi": false, "name": "", "type": "credit", "last4": "0008", "entity": "card", "issuer": null, "network": "MasterCard", "sub_type": "consumer", "token_iin": null, "international": false}, "email": "void@razorpay.com", "notes": [], "amount": 49900, "entity": "payment", "method": "card", "reward": null, "status": "authorized", "wallet": null, "card_id": "card_RehMk40kF1BoLW", "contact": "+919966998831", "captured": false, "currency": "INR", "order_id": "order_RehMLPT8JVCJY9", "created_at": 1762922062, "error_code": null, "error_step": null, "invoice_id": null, "description": "Consultation", "error_reason": null, "error_source": null, "acquirer_data": {"auth_code": "112699"}, "international": false, "refund_status": null, "amount_refunded": 0, "error_description": null}}}, "contains": ["payment"], "account_id": "acc_RaiMW6gcY4w0JS", "created_at": 1762922069}	2025-11-12 04:34:28.282
cmhxm1pzy0007vp8bys21nvdv	razorpay	pay_RfHVAtijP4pT1Q	payment.authorized	order_RfHUsyTiT4fMGa	{"event": "payment.authorized", "entity": "event", "payload": {"payment": {"entity": {"id": "pay_RfHVAtijP4pT1Q", "fee": null, "tax": null, "vpa": null, "bank": null, "card": {"id": "card_RfHVB423hyf0zw", "emi": false, "name": "", "type": "credit", "last4": "0008", "entity": "card", "issuer": null, "network": "MasterCard", "sub_type": "consumer", "token_iin": null, "international": false}, "email": "void@razorpay.com", "notes": [], "amount": 49900, "entity": "payment", "method": "card", "reward": null, "status": "authorized", "wallet": null, "card_id": "card_RfHVB423hyf0zw", "contact": "+919966998831", "captured": false, "currency": "INR", "order_id": "order_RfHUsyTiT4fMGa", "created_at": 1763049320, "error_code": null, "error_step": null, "invoice_id": null, "description": "Consultation", "error_reason": null, "error_source": null, "acquirer_data": {"auth_code": "690255"}, "international": false, "refund_status": null, "amount_refunded": 0, "error_description": null}}}, "contains": ["payment"], "account_id": "acc_RaiMW6gcY4w0JS", "created_at": 1763049325}	2025-11-13 15:55:24.86
cmi3zy3k20004vpngj71ikmk4	razorpay	pay_Rh39QBfoHmNIUN	payment.authorized	order_Rh38xcYasX2ZUB	{"event": "payment.authorized", "entity": "event", "payload": {"payment": {"entity": {"id": "pay_Rh39QBfoHmNIUN", "fee": null, "tax": null, "vpa": null, "bank": null, "card": {"id": "card_Rh39QSwPcH4Ph4", "emi": false, "name": "", "type": "credit", "last4": "0008", "entity": "card", "issuer": null, "network": "MasterCard", "sub_type": "consumer", "token_iin": null, "international": false}, "email": "void@razorpay.com", "notes": [], "amount": 100, "entity": "payment", "method": "card", "reward": null, "status": "authorized", "wallet": null, "card_id": "card_Rh39QSwPcH4Ph4", "contact": "+919966998831", "captured": false, "currency": "INR", "order_id": "order_Rh38xcYasX2ZUB", "created_at": 1763435462, "error_code": null, "error_step": null, "invoice_id": null, "description": "Consultation", "error_reason": null, "error_source": null, "acquirer_data": {"auth_code": "131860"}, "international": false, "refund_status": null, "amount_refunded": 0, "error_description": null}}}, "contains": ["payment"], "account_id": "acc_RaiMW6gcY4w0JS", "created_at": 1763435469}	2025-11-18 03:11:07.844
cmi5i3uv50004vp4c4gtpodxn	razorpay	pay_RhSyzOa9RC0wor	payment.authorized	order_RhSyHdFz8jC7ZF	{"event": "payment.authorized", "entity": "event", "payload": {"payment": {"entity": {"id": "pay_RhSyzOa9RC0wor", "fee": null, "tax": null, "vpa": null, "bank": null, "card": {"id": "card_RhSyzZoz0bEVfI", "emi": false, "name": "", "type": "credit", "last4": "0008", "entity": "card", "issuer": null, "network": "MasterCard", "sub_type": "consumer", "token_iin": null, "international": false}, "email": "void@razorpay.com", "notes": [], "amount": 100, "entity": "payment", "method": "card", "reward": null, "status": "authorized", "wallet": null, "card_id": "card_RhSyzZoz0bEVfI", "contact": "+919966998831", "captured": false, "currency": "INR", "order_id": "order_RhSyHdFz8jC7ZF", "created_at": 1763526431, "error_code": null, "error_step": null, "invoice_id": null, "description": "Consultation", "error_reason": null, "error_source": null, "acquirer_data": {"auth_code": "497854"}, "international": false, "refund_status": null, "amount_refunded": 0, "error_description": null}}}, "contains": ["payment"], "account_id": "acc_RaiMW6gcY4w0JS", "created_at": 1763526437}	2025-11-19 04:27:15.859
\.


--
-- Data for Name: _prisma_migrations; Type: TABLE DATA; Schema: public; Owner: neondb_owner
--

COPY public._prisma_migrations (id, checksum, finished_at, migration_name, logs, rolled_back_at, started_at, applied_steps_count) FROM stdin;
4fef5cae-2fac-45c5-bf61-6a4cec066bd6	598315b240b7003fc0450f0277b0a4d5cff45f15134ffe324398835e5cdd1785	2025-11-10 04:28:22.306118+00	20251102000351_init	\N	\N	2025-11-10 04:28:20.45295+00	1
61456345-f9ce-476b-b4e7-fb7b1eef2103	65d5a1c51d2121c74b742c597b8e0ebda50d6d9ed16e0f7a81a06baafe20a1fd	2025-11-20 02:06:29.785847+00	20251120020626_add_admin_user	\N	\N	2025-11-20 02:06:28.420656+00	1
3dbe7310-994d-4239-855e-ef1773a5bb39	16b01952302e9e4217c90d1b244e738029d4531ec9b9b5658946ec57ec75722a	2025-11-10 04:28:23.906235+00	20251104185224_add_video_room	\N	\N	2025-11-10 04:28:22.821691+00	1
db366c79-4e8e-461a-be19-c5ad6c58bab1	22f8c49db1fc2c1d3196035e9ff75518c497b97c577dade4a280d2efa3247c16	2025-11-10 04:28:25.689974+00	20251107235827_add_provider_slug_optional	\N	\N	2025-11-10 04:28:24.537425+00	1
8bd9fd43-7f90-4361-abda-93e990cfb7b8	57a7d46516649a7b06465537b6d39b373b718fe377955b0427c21328bd07a28d	2025-11-10 04:28:27.48329+00	20251108000429_add_unique_slug	\N	\N	2025-11-10 04:28:26.212917+00	1
f8be8d72-d157-4abd-a44e-3e3fea17dfb4	647d3ff96a89dc05fe7af0a0760561e64b1725bed147fc8d798d86aa97289ebe	2025-11-20 16:26:14.537787+00	20251120162611_add_payment_receipts	\N	\N	2025-11-20 16:26:12.986251+00	1
b80b4035-9a95-4240-86e3-cecf6b0c959d	c1ee1ad2c6875ffe6d04e0a8f7130e4825eb6f49403c49addf5e25b26ef445a5	2025-11-10 04:28:29.359431+00	20251108002640_add_slot_uniq	\N	\N	2025-11-10 04:28:27.997928+00	1
0d0393f6-019d-4a1f-bc7b-e12863f654ee	02cf7651b2fb8bc2a7c8d75fb5547182e96c1d1668f090eb4930ed521593b8c8	2025-11-10 04:28:31.143591+00	20251110035232_add_payment_updatedat	\N	\N	2025-11-10 04:28:29.883695+00	1
8a8b6b3a-9405-48a9-a62a-406525358108	f9aff3d19df25403928c376ba7951e5cc97139d0d1c4e67796a8512ffccfab5c	2025-11-11 20:32:42.591018+00	20251111203238_day8_visitnote_and_prescription	\N	\N	2025-11-11 20:32:40.565082+00	1
42ab4b12-4ddc-42b1-9b25-20e35e5f070a	2c08a6b79872a0c8b96e6707460e117c74ab79f30533918e0a0e0540b8588dae	2025-11-20 16:32:07.978401+00	20251120163205_add_provider_docs_receipts	\N	\N	2025-11-20 16:32:06.728002+00	1
262dece2-cd58-4d4f-9b46-2b0e97145819	9da2f856ce90e85df50ede5523349faccfc7536aacee5f9efddb264826bdf459	2025-11-11 21:58:17.103278+00	20251111215814_day8_provider_actions	\N	\N	2025-11-11 21:58:15.818439+00	1
54e3fef6-d990-4b53-83a1-3188346e24be	a278911b2764ef5a910bd7e73792bad3cc0b8f13a7a72d7d9c9ff09490c26d7b	2025-11-12 20:06:35.139078+00	20251112200631_day9_outboundmessage_qol	\N	\N	2025-11-12 20:06:33.870905+00	1
be904d12-4f7a-42d1-b464-54f525680a6d	c1239d90f6ad26711f546bd26570aae449fd21eed5e74ffa7f4aad35a9ef27e5	2025-11-17 00:18:36.475673+00	20251117001833_day10_consent_and_rmp	\N	\N	2025-11-17 00:18:34.70358+00	1
1d765129-326a-4eba-8f61-4853b8671d8d	855188275874f545566d3ca2ccd048f98dfe4d633effad834bba974158da0b36	2025-11-20 17:10:56.937958+00	20251120171054_add_patient_documents	\N	\N	2025-11-20 17:10:55.598047+00	1
96fc4734-661c-4db5-86e6-4f57e44b0fd5	fbf327ddacd4c5f8e434dfb65ac7972ea754cb1163edfa2a28bc7efd5e534ccb	2025-11-19 04:00:03.429732+00	20251119040000_add_patient_login_otp	\N	\N	2025-11-19 04:00:02.129494+00	1
4412783c-307e-4915-a1cf-b85b83e2e495	86872780503f10b1e774e09304ec3e04a8de068a2f02cd1824638393e918b2d5	2025-11-20 00:13:41.632717+00	20251120001338_add_receipt_url	\N	\N	2025-11-20 00:13:40.367496+00	1
396b56f1-5a36-40d1-b252-9795b9c48efc	9209b9161a6bbaae814b1fddb933d727d08cf2660397ff5919a80759c2e377b2	2025-11-20 01:50:46.294257+00	20251120015043_add_admin_fields	\N	\N	2025-11-20 01:50:45.056065+00	1
e27950bc-e0e5-4704-81ec-e7280f9ad950	ea0eb12c8ea07e78a95e47e1ce25152aceb120cdbad471b681a26b682405c824	2025-11-20 18:22:26.587088+00	20251120182223_add_delivery_preferences	\N	\N	2025-11-20 18:22:25.149055+00	1
31d71472-edeb-48cc-979d-ad36d87a4333	b29f23a67e9ca74d93360a03399fc68c9d386ddfd501d8e3c71fe9c01a3aa8d2	2025-11-20 20:40:22.00257+00	20251120204018_add_provider_phone	\N	\N	2025-11-20 20:40:20.634864+00	1
2e72df15-ab6d-47e0-a019-5820efa207bf	f101408f1d3603c91c32029ff1dc6888b2aa66ebbcb1256500c20c38dd8dd839	2025-11-21 03:57:08.744978+00	20251121035706_add_upload_link_sent_at	\N	\N	2025-11-21 03:57:07.490664+00	1
\.


--
-- Name: AdminUser AdminUser_pkey; Type: CONSTRAINT; Schema: public; Owner: neondb_owner
--

ALTER TABLE ONLY public."AdminUser"
    ADD CONSTRAINT "AdminUser_pkey" PRIMARY KEY (id);


--
-- Name: AppointmentStatusHistory AppointmentStatusHistory_pkey; Type: CONSTRAINT; Schema: public; Owner: neondb_owner
--

ALTER TABLE ONLY public."AppointmentStatusHistory"
    ADD CONSTRAINT "AppointmentStatusHistory_pkey" PRIMARY KEY (id);


--
-- Name: Appointment Appointment_pkey; Type: CONSTRAINT; Schema: public; Owner: neondb_owner
--

ALTER TABLE ONLY public."Appointment"
    ADD CONSTRAINT "Appointment_pkey" PRIMARY KEY (id);


--
-- Name: AuditLog AuditLog_pkey; Type: CONSTRAINT; Schema: public; Owner: neondb_owner
--

ALTER TABLE ONLY public."AuditLog"
    ADD CONSTRAINT "AuditLog_pkey" PRIMARY KEY (id);


--
-- Name: OutboundMessage OutboundMessage_pkey; Type: CONSTRAINT; Schema: public; Owner: neondb_owner
--

ALTER TABLE ONLY public."OutboundMessage"
    ADD CONSTRAINT "OutboundMessage_pkey" PRIMARY KEY (id);


--
-- Name: PatientAddress PatientAddress_pkey; Type: CONSTRAINT; Schema: public; Owner: neondb_owner
--

ALTER TABLE ONLY public."PatientAddress"
    ADD CONSTRAINT "PatientAddress_pkey" PRIMARY KEY (id);


--
-- Name: PatientDocument PatientDocument_pkey; Type: CONSTRAINT; Schema: public; Owner: neondb_owner
--

ALTER TABLE ONLY public."PatientDocument"
    ADD CONSTRAINT "PatientDocument_pkey" PRIMARY KEY (id);


--
-- Name: PatientLoginOtp PatientLoginOtp_pkey; Type: CONSTRAINT; Schema: public; Owner: neondb_owner
--

ALTER TABLE ONLY public."PatientLoginOtp"
    ADD CONSTRAINT "PatientLoginOtp_pkey" PRIMARY KEY ("phoneKey");


--
-- Name: PatientOtp PatientOtp_pkey; Type: CONSTRAINT; Schema: public; Owner: neondb_owner
--

ALTER TABLE ONLY public."PatientOtp"
    ADD CONSTRAINT "PatientOtp_pkey" PRIMARY KEY (id);


--
-- Name: Patient Patient_pkey; Type: CONSTRAINT; Schema: public; Owner: neondb_owner
--

ALTER TABLE ONLY public."Patient"
    ADD CONSTRAINT "Patient_pkey" PRIMARY KEY (id);


--
-- Name: PaymentReceipt PaymentReceipt_pkey; Type: CONSTRAINT; Schema: public; Owner: neondb_owner
--

ALTER TABLE ONLY public."PaymentReceipt"
    ADD CONSTRAINT "PaymentReceipt_pkey" PRIMARY KEY ("appointmentId");


--
-- Name: Payment Payment_pkey; Type: CONSTRAINT; Schema: public; Owner: neondb_owner
--

ALTER TABLE ONLY public."Payment"
    ADD CONSTRAINT "Payment_pkey" PRIMARY KEY (id);


--
-- Name: Prescription Prescription_pkey; Type: CONSTRAINT; Schema: public; Owner: neondb_owner
--

ALTER TABLE ONLY public."Prescription"
    ADD CONSTRAINT "Prescription_pkey" PRIMARY KEY (id);


--
-- Name: ProviderUser ProviderUser_pkey; Type: CONSTRAINT; Schema: public; Owner: neondb_owner
--

ALTER TABLE ONLY public."ProviderUser"
    ADD CONSTRAINT "ProviderUser_pkey" PRIMARY KEY (id);


--
-- Name: Provider Provider_pkey; Type: CONSTRAINT; Schema: public; Owner: neondb_owner
--

ALTER TABLE ONLY public."Provider"
    ADD CONSTRAINT "Provider_pkey" PRIMARY KEY (id);


--
-- Name: Slot Slot_pkey; Type: CONSTRAINT; Schema: public; Owner: neondb_owner
--

ALTER TABLE ONLY public."Slot"
    ADD CONSTRAINT "Slot_pkey" PRIMARY KEY (id);


--
-- Name: VisitNote VisitNote_pkey; Type: CONSTRAINT; Schema: public; Owner: neondb_owner
--

ALTER TABLE ONLY public."VisitNote"
    ADD CONSTRAINT "VisitNote_pkey" PRIMARY KEY (id);


--
-- Name: WebhookEvent WebhookEvent_pkey; Type: CONSTRAINT; Schema: public; Owner: neondb_owner
--

ALTER TABLE ONLY public."WebhookEvent"
    ADD CONSTRAINT "WebhookEvent_pkey" PRIMARY KEY (id);


--
-- Name: _prisma_migrations _prisma_migrations_pkey; Type: CONSTRAINT; Schema: public; Owner: neondb_owner
--

ALTER TABLE ONLY public._prisma_migrations
    ADD CONSTRAINT _prisma_migrations_pkey PRIMARY KEY (id);


--
-- Name: AdminUser_email_key; Type: INDEX; Schema: public; Owner: neondb_owner
--

CREATE UNIQUE INDEX "AdminUser_email_key" ON public."AdminUser" USING btree (email);


--
-- Name: AppointmentStatusHistory_appointmentId_createdAt_idx; Type: INDEX; Schema: public; Owner: neondb_owner
--

CREATE INDEX "AppointmentStatusHistory_appointmentId_createdAt_idx" ON public."AppointmentStatusHistory" USING btree ("appointmentId", "createdAt");


--
-- Name: OutboundMessage_appointmentId_createdAt_idx; Type: INDEX; Schema: public; Owner: neondb_owner
--

CREATE INDEX "OutboundMessage_appointmentId_createdAt_idx" ON public."OutboundMessage" USING btree ("appointmentId", "createdAt");


--
-- Name: OutboundMessage_appointmentId_kind_status_idx; Type: INDEX; Schema: public; Owner: neondb_owner
--

CREATE INDEX "OutboundMessage_appointmentId_kind_status_idx" ON public."OutboundMessage" USING btree ("appointmentId", kind, status);


--
-- Name: OutboundMessage_appointmentId_template_status_idx; Type: INDEX; Schema: public; Owner: neondb_owner
--

CREATE INDEX "OutboundMessage_appointmentId_template_status_idx" ON public."OutboundMessage" USING btree ("appointmentId", template, status);


--
-- Name: PatientAddress_contactPhone_idx; Type: INDEX; Schema: public; Owner: neondb_owner
--

CREATE INDEX "PatientAddress_contactPhone_idx" ON public."PatientAddress" USING btree ("contactPhone");


--
-- Name: PatientAddress_patientId_idx; Type: INDEX; Schema: public; Owner: neondb_owner
--

CREATE INDEX "PatientAddress_patientId_idx" ON public."PatientAddress" USING btree ("patientId");


--
-- Name: PatientDocument_appointmentId_idx; Type: INDEX; Schema: public; Owner: neondb_owner
--

CREATE INDEX "PatientDocument_appointmentId_idx" ON public."PatientDocument" USING btree ("appointmentId");


--
-- Name: PatientOtp_last10_idx; Type: INDEX; Schema: public; Owner: neondb_owner
--

CREATE INDEX "PatientOtp_last10_idx" ON public."PatientOtp" USING btree (last10);


--
-- Name: PatientOtp_phoneCanonical_idx; Type: INDEX; Schema: public; Owner: neondb_owner
--

CREATE INDEX "PatientOtp_phoneCanonical_idx" ON public."PatientOtp" USING btree ("phoneCanonical");


--
-- Name: Patient_email_key; Type: INDEX; Schema: public; Owner: neondb_owner
--

CREATE UNIQUE INDEX "Patient_email_key" ON public."Patient" USING btree (email);


--
-- Name: Patient_phone_key; Type: INDEX; Schema: public; Owner: neondb_owner
--

CREATE UNIQUE INDEX "Patient_phone_key" ON public."Patient" USING btree (phone);


--
-- Name: Payment_appointmentId_key; Type: INDEX; Schema: public; Owner: neondb_owner
--

CREATE UNIQUE INDEX "Payment_appointmentId_key" ON public."Payment" USING btree ("appointmentId");


--
-- Name: Payment_orderId_key; Type: INDEX; Schema: public; Owner: neondb_owner
--

CREATE UNIQUE INDEX "Payment_orderId_key" ON public."Payment" USING btree ("orderId");


--
-- Name: Prescription_appointmentId_key; Type: INDEX; Schema: public; Owner: neondb_owner
--

CREATE UNIQUE INDEX "Prescription_appointmentId_key" ON public."Prescription" USING btree ("appointmentId");


--
-- Name: ProviderUser_email_key; Type: INDEX; Schema: public; Owner: neondb_owner
--

CREATE UNIQUE INDEX "ProviderUser_email_key" ON public."ProviderUser" USING btree (email);


--
-- Name: Provider_slug_key; Type: INDEX; Schema: public; Owner: neondb_owner
--

CREATE UNIQUE INDEX "Provider_slug_key" ON public."Provider" USING btree (slug);


--
-- Name: Slot_providerId_startsAt_key; Type: INDEX; Schema: public; Owner: neondb_owner
--

CREATE UNIQUE INDEX "Slot_providerId_startsAt_key" ON public."Slot" USING btree ("providerId", "startsAt");


--
-- Name: VisitNote_appointmentId_key; Type: INDEX; Schema: public; Owner: neondb_owner
--

CREATE UNIQUE INDEX "VisitNote_appointmentId_key" ON public."VisitNote" USING btree ("appointmentId");


--
-- Name: WebhookEvent_eventId_key; Type: INDEX; Schema: public; Owner: neondb_owner
--

CREATE UNIQUE INDEX "WebhookEvent_eventId_key" ON public."WebhookEvent" USING btree ("eventId");


--
-- Name: AppointmentStatusHistory AppointmentStatusHistory_appointmentId_fkey; Type: FK CONSTRAINT; Schema: public; Owner: neondb_owner
--

ALTER TABLE ONLY public."AppointmentStatusHistory"
    ADD CONSTRAINT "AppointmentStatusHistory_appointmentId_fkey" FOREIGN KEY ("appointmentId") REFERENCES public."Appointment"(id) ON UPDATE CASCADE ON DELETE CASCADE;


--
-- Name: Appointment Appointment_deliveryAddressId_fkey; Type: FK CONSTRAINT; Schema: public; Owner: neondb_owner
--

ALTER TABLE ONLY public."Appointment"
    ADD CONSTRAINT "Appointment_deliveryAddressId_fkey" FOREIGN KEY ("deliveryAddressId") REFERENCES public."PatientAddress"(id) ON UPDATE CASCADE ON DELETE SET NULL;


--
-- Name: Appointment Appointment_patientId_fkey; Type: FK CONSTRAINT; Schema: public; Owner: neondb_owner
--

ALTER TABLE ONLY public."Appointment"
    ADD CONSTRAINT "Appointment_patientId_fkey" FOREIGN KEY ("patientId") REFERENCES public."Patient"(id) ON UPDATE CASCADE ON DELETE RESTRICT;


--
-- Name: Appointment Appointment_providerId_fkey; Type: FK CONSTRAINT; Schema: public; Owner: neondb_owner
--

ALTER TABLE ONLY public."Appointment"
    ADD CONSTRAINT "Appointment_providerId_fkey" FOREIGN KEY ("providerId") REFERENCES public."Provider"(id) ON UPDATE CASCADE ON DELETE RESTRICT;


--
-- Name: Appointment Appointment_slotId_fkey; Type: FK CONSTRAINT; Schema: public; Owner: neondb_owner
--

ALTER TABLE ONLY public."Appointment"
    ADD CONSTRAINT "Appointment_slotId_fkey" FOREIGN KEY ("slotId") REFERENCES public."Slot"(id) ON UPDATE CASCADE ON DELETE SET NULL;


--
-- Name: OutboundMessage OutboundMessage_appointmentId_fkey; Type: FK CONSTRAINT; Schema: public; Owner: neondb_owner
--

ALTER TABLE ONLY public."OutboundMessage"
    ADD CONSTRAINT "OutboundMessage_appointmentId_fkey" FOREIGN KEY ("appointmentId") REFERENCES public."Appointment"(id) ON UPDATE CASCADE ON DELETE CASCADE;


--
-- Name: PatientAddress PatientAddress_patientId_fkey; Type: FK CONSTRAINT; Schema: public; Owner: neondb_owner
--

ALTER TABLE ONLY public."PatientAddress"
    ADD CONSTRAINT "PatientAddress_patientId_fkey" FOREIGN KEY ("patientId") REFERENCES public."Patient"(id) ON UPDATE CASCADE ON DELETE CASCADE;


--
-- Name: PatientDocument PatientDocument_appointmentId_fkey; Type: FK CONSTRAINT; Schema: public; Owner: neondb_owner
--

ALTER TABLE ONLY public."PatientDocument"
    ADD CONSTRAINT "PatientDocument_appointmentId_fkey" FOREIGN KEY ("appointmentId") REFERENCES public."Appointment"(id) ON UPDATE CASCADE ON DELETE CASCADE;


--
-- Name: PatientDocument PatientDocument_patientId_fkey; Type: FK CONSTRAINT; Schema: public; Owner: neondb_owner
--

ALTER TABLE ONLY public."PatientDocument"
    ADD CONSTRAINT "PatientDocument_patientId_fkey" FOREIGN KEY ("patientId") REFERENCES public."Patient"(id) ON UPDATE CASCADE ON DELETE CASCADE;


--
-- Name: PatientLoginOtp PatientLoginOtp_patientId_fkey; Type: FK CONSTRAINT; Schema: public; Owner: neondb_owner
--

ALTER TABLE ONLY public."PatientLoginOtp"
    ADD CONSTRAINT "PatientLoginOtp_patientId_fkey" FOREIGN KEY ("patientId") REFERENCES public."Patient"(id) ON UPDATE CASCADE ON DELETE CASCADE;


--
-- Name: PatientOtp PatientOtp_patientId_fkey; Type: FK CONSTRAINT; Schema: public; Owner: neondb_owner
--

ALTER TABLE ONLY public."PatientOtp"
    ADD CONSTRAINT "PatientOtp_patientId_fkey" FOREIGN KEY ("patientId") REFERENCES public."Patient"(id) ON UPDATE CASCADE ON DELETE SET NULL;


--
-- Name: PaymentReceipt PaymentReceipt_appointmentId_fkey; Type: FK CONSTRAINT; Schema: public; Owner: neondb_owner
--

ALTER TABLE ONLY public."PaymentReceipt"
    ADD CONSTRAINT "PaymentReceipt_appointmentId_fkey" FOREIGN KEY ("appointmentId") REFERENCES public."Appointment"(id) ON UPDATE CASCADE ON DELETE CASCADE;


--
-- Name: Payment Payment_appointmentId_fkey; Type: FK CONSTRAINT; Schema: public; Owner: neondb_owner
--

ALTER TABLE ONLY public."Payment"
    ADD CONSTRAINT "Payment_appointmentId_fkey" FOREIGN KEY ("appointmentId") REFERENCES public."Appointment"(id) ON UPDATE CASCADE ON DELETE SET NULL;


--
-- Name: Prescription Prescription_appointmentId_fkey; Type: FK CONSTRAINT; Schema: public; Owner: neondb_owner
--

ALTER TABLE ONLY public."Prescription"
    ADD CONSTRAINT "Prescription_appointmentId_fkey" FOREIGN KEY ("appointmentId") REFERENCES public."Appointment"(id) ON UPDATE CASCADE ON DELETE CASCADE;


--
-- Name: ProviderUser ProviderUser_providerId_fkey; Type: FK CONSTRAINT; Schema: public; Owner: neondb_owner
--

ALTER TABLE ONLY public."ProviderUser"
    ADD CONSTRAINT "ProviderUser_providerId_fkey" FOREIGN KEY ("providerId") REFERENCES public."Provider"(id) ON UPDATE CASCADE ON DELETE CASCADE;


--
-- Name: Slot Slot_providerId_fkey; Type: FK CONSTRAINT; Schema: public; Owner: neondb_owner
--

ALTER TABLE ONLY public."Slot"
    ADD CONSTRAINT "Slot_providerId_fkey" FOREIGN KEY ("providerId") REFERENCES public."Provider"(id) ON UPDATE CASCADE ON DELETE RESTRICT;


--
-- Name: VisitNote VisitNote_appointmentId_fkey; Type: FK CONSTRAINT; Schema: public; Owner: neondb_owner
--

ALTER TABLE ONLY public."VisitNote"
    ADD CONSTRAINT "VisitNote_appointmentId_fkey" FOREIGN KEY ("appointmentId") REFERENCES public."Appointment"(id) ON UPDATE CASCADE ON DELETE CASCADE;


--
-- Name: SCHEMA public; Type: ACL; Schema: -; Owner: neondb_owner
--

REVOKE USAGE ON SCHEMA public FROM PUBLIC;


--
-- Name: DEFAULT PRIVILEGES FOR SEQUENCES; Type: DEFAULT ACL; Schema: public; Owner: cloud_admin
--

ALTER DEFAULT PRIVILEGES FOR ROLE cloud_admin IN SCHEMA public GRANT ALL ON SEQUENCES TO neon_superuser WITH GRANT OPTION;


--
-- Name: DEFAULT PRIVILEGES FOR TABLES; Type: DEFAULT ACL; Schema: public; Owner: cloud_admin
--

ALTER DEFAULT PRIVILEGES FOR ROLE cloud_admin IN SCHEMA public GRANT ALL ON TABLES TO neon_superuser WITH GRANT OPTION;


--
-- PostgreSQL database dump complete
--

\unrestrict 0JfTl56Ax2ysGhCF3bNNzyr7E3hhAdaexaGkmj1UvV0SQEah295OtgYtIp368LF

